TCP,status,xml_path,txt_path,extracted_chars
A00471,ok,/Users/grace/Desktop/new meta/tcp_drama/A00471.xml,/Users/grace/Desktop/new meta/<l><p>extract/A00471.txt,35514
A10439,ok,/Users/grace/Desktop/new meta/tcp_drama/A10439.xml,/Users/grace/Desktop/new meta/<l><p>extract/A10439.txt,51115
A10438,ok,/Users/grace/Desktop/new meta/tcp_drama/A10438.xml,/Users/grace/Desktop/new meta/<l><p>extract/A10438.txt,45158
A03175,ok,/Users/grace/Desktop/new meta/tcp_drama/A03175.xml,/Users/grace/Desktop/new meta/<l><p>extract/A03175.txt,27500
A03181,ok,/Users/grace/Desktop/new meta/tcp_drama/A03181.xml,/Users/grace/Desktop/new meta/<l><p>extract/A03181.txt,53608
A03179,ok,/Users/grace/Desktop/new meta/tcp_drama/A03179.xml,/Users/grace/Desktop/new meta/<l><p>extract/A03179.txt,65932
A04054,ok,/Users/grace/Desktop/new meta/tcp_drama/A04054.xml,/Users/grace/Desktop/new meta/<l><p>extract/A04054.txt,23802
A03177,ok,/Users/grace/Desktop/new meta/tcp_drama/A03177.xml,/Users/grace/Desktop/new meta/<l><p>extract/A03177.txt,45215
A02906,ok,/Users/grace/Desktop/new meta/tcp_drama/A02906.xml,/Users/grace/Desktop/new meta/<l><p>extract/A02906.txt,48637
A02658,ok,/Users/grace/Desktop/new meta/tcp_drama/A02658.xml,/Users/grace/Desktop/new meta/<l><p>extract/A02658.txt,21916
A02738,ok,/Users/grace/Desktop/new meta/tcp_drama/A02738.xml,/Users/grace/Desktop/new meta/<l><p>extract/A02738.txt,83569
A02749,ok,/Users/grace/Desktop/new meta/tcp_drama/A02749.xml,/Users/grace/Desktop/new meta/<l><p>extract/A02749.txt,81451
A04052,ok,/Users/grace/Desktop/new meta/tcp_drama/A04052.xml,/Users/grace/Desktop/new meta/<l><p>extract/A04052.txt,38900
A11914,ok,/Users/grace/Desktop/new meta/tcp_drama/A11914.xml,/Users/grace/Desktop/new meta/<l><p>extract/A11914.txt,93229
A04055,ok,/Users/grace/Desktop/new meta/tcp_drama/A04055.xml,/Users/grace/Desktop/new meta/<l><p>extract/A04055.txt,36082
A14713,ok,/Users/grace/Desktop/new meta/tcp_drama/A14713.xml,/Users/grace/Desktop/new meta/<l><p>extract/A14713.txt,25227
A11911,ok,/Users/grace/Desktop/new meta/tcp_drama/A11911.xml,/Users/grace/Desktop/new meta/<l><p>extract/A11911.txt,131852
A13664,ok,/Users/grace/Desktop/new meta/tcp_drama/A13664.xml,/Users/grace/Desktop/new meta/<l><p>extract/A13664.txt,36565
A15979,ok,/Users/grace/Desktop/new meta/tcp_drama/A15979.xml,/Users/grace/Desktop/new meta/<l><p>extract/A15979.txt,15263
A08360,ok,/Users/grace/Desktop/new meta/tcp_drama/A08360.xml,/Users/grace/Desktop/new meta/<l><p>extract/A08360.txt,85003
A08361,ok,/Users/grace/Desktop/new meta/tcp_drama/A08361.xml,/Users/grace/Desktop/new meta/<l><p>extract/A08361.txt,84227
A14846,ok,/Users/grace/Desktop/new meta/tcp_drama/A14846.xml,/Users/grace/Desktop/new meta/<l><p>extract/A14846.txt,49317
A11910,ok,/Users/grace/Desktop/new meta/tcp_drama/A11910.xml,/Users/grace/Desktop/new meta/<l><p>extract/A11910.txt,92345
A11912,ok,/Users/grace/Desktop/new meta/tcp_drama/A11912.xml,/Users/grace/Desktop/new meta/<l><p>extract/A11912.txt,92090
A11917,ok,/Users/grace/Desktop/new meta/tcp_drama/A11917.xml,/Users/grace/Desktop/new meta/<l><p>extract/A11917.txt,71020
A14193,ok,/Users/grace/Desktop/new meta/tcp_drama/A14193.xml,/Users/grace/Desktop/new meta/<l><p>extract/A14193.txt,99926
A14625,ok,/Users/grace/Desktop/new meta/tcp_drama/A14625.xml,/Users/grace/Desktop/new meta/<l><p>extract/A14625.txt,99115
A09651,ok,/Users/grace/Desktop/new meta/tcp_drama/A09651.xml,/Users/grace/Desktop/new meta/<l><p>extract/A09651.txt,62548
A13962,ok,/Users/grace/Desktop/new meta/tcp_drama/A13962.xml,/Users/grace/Desktop/new meta/<l><p>extract/A13962.txt,51282
A01353,ok,/Users/grace/Desktop/new meta/tcp_drama/A01353.xml,/Users/grace/Desktop/new meta/<l><p>extract/A01353.txt,59616
A04206,ok,/Users/grace/Desktop/new meta/tcp_drama/A04206.xml,/Users/grace/Desktop/new meta/<l><p>extract/A04206.txt,86795
A04027,ok,/Users/grace/Desktop/new meta/tcp_drama/A04027.xml,/Users/grace/Desktop/new meta/<l><p>extract/A04027.txt,64196
A07052,ok,/Users/grace/Desktop/new meta/tcp_drama/A07052.xml,/Users/grace/Desktop/new meta/<l><p>extract/A07052.txt,56368
A10041,ok,/Users/grace/Desktop/new meta/tcp_drama/A10041.xml,/Users/grace/Desktop/new meta/<l><p>extract/A10041.txt,66819
A14627,ok,/Users/grace/Desktop/new meta/tcp_drama/A14627.xml,/Users/grace/Desktop/new meta/<l><p>extract/A14627.txt,73779
A21159,ok,/Users/grace/Desktop/new meta/tcp_drama/A21159.xml,/Users/grace/Desktop/new meta/<l><p>extract/A21159.txt,97868
A00456,ok,/Users/grace/Desktop/new meta/tcp_drama/A00456.xml,/Users/grace/Desktop/new meta/<l><p>extract/A00456.txt,40393
A12969,ok,/Users/grace/Desktop/new meta/tcp_drama/A12969.xml,/Users/grace/Desktop/new meta/<l><p>extract/A12969.txt,72844
A14715,ok,/Users/grace/Desktop/new meta/tcp_drama/A14715.xml,/Users/grace/Desktop/new meta/<l><p>extract/A14715.txt,78180
A10192,ok,/Users/grace/Desktop/new meta/tcp_drama/A10192.xml,/Users/grace/Desktop/new meta/<l><p>extract/A10192.txt,43589
A06480,ok,/Users/grace/Desktop/new meta/tcp_drama/A06480.xml,/Users/grace/Desktop/new meta/<l><p>extract/A06480.txt,82474
A01506,ok,/Users/grace/Desktop/new meta/tcp_drama/A01506.xml,/Users/grace/Desktop/new meta/<l><p>extract/A01506.txt,82318
A18729,ok,/Users/grace/Desktop/new meta/tcp_drama/A18729.xml,/Users/grace/Desktop/new meta/<l><p>extract/A18729.txt,98343
A01509,ok,/Users/grace/Desktop/new meta/tcp_drama/A01509.xml,/Users/grace/Desktop/new meta/<l><p>extract/A01509.txt,75008
A01848,ok,/Users/grace/Desktop/new meta/tcp_drama/A01848.xml,/Users/grace/Desktop/new meta/<l><p>extract/A01848.txt,36930
A68918,ok,/Users/grace/Desktop/new meta/tcp_drama/A68918.xml,/Users/grace/Desktop/new meta/<l><p>extract/A68918.txt,113324
A06625,ok,/Users/grace/Desktop/new meta/tcp_drama/A06625.xml,/Users/grace/Desktop/new meta/<l><p>extract/A06625.txt,67260
A09220,ok,/Users/grace/Desktop/new meta/tcp_drama/A09220.xml,/Users/grace/Desktop/new meta/<l><p>extract/A09220.txt,58001
A06583,ok,/Users/grace/Desktop/new meta/tcp_drama/A06583.xml,/Users/grace/Desktop/new meta/<l><p>extract/A06583.txt,65922
A15519,ok,/Users/grace/Desktop/new meta/tcp_drama/A15519.xml,/Users/grace/Desktop/new meta/<l><p>extract/A15519.txt,98145
A09134,ok,/Users/grace/Desktop/new meta/tcp_drama/A09134.xml,/Users/grace/Desktop/new meta/<l><p>extract/A09134.txt,79814
A09223,ok,/Users/grace/Desktop/new meta/tcp_drama/A09223.xml,/Users/grace/Desktop/new meta/<l><p>extract/A09223.txt,5688
A21238,ok,/Users/grace/Desktop/new meta/tcp_drama/A21238.xml,/Users/grace/Desktop/new meta/<l><p>extract/A21238.txt,70689
A03804,ok,/Users/grace/Desktop/new meta/tcp_drama/A03804.xml,/Users/grace/Desktop/new meta/<l><p>extract/A03804.txt,108767
A13611,ok,/Users/grace/Desktop/new meta/tcp_drama/A13611.xml,/Users/grace/Desktop/new meta/<l><p>extract/A13611.txt,105621
A15517,ok,/Users/grace/Desktop/new meta/tcp_drama/A15517.xml,/Users/grace/Desktop/new meta/<l><p>extract/A15517.txt,108585
A08058,ok,/Users/grace/Desktop/new meta/tcp_drama/A08058.xml,/Users/grace/Desktop/new meta/<l><p>extract/A08058.txt,6826
A06589,ok,/Users/grace/Desktop/new meta/tcp_drama/A06589.xml,/Users/grace/Desktop/new meta/<l><p>extract/A06589.txt,104051
A09222,ok,/Users/grace/Desktop/new meta/tcp_drama/A09222.xml,/Users/grace/Desktop/new meta/<l><p>extract/A09222.txt,6792
A17029,ok,/Users/grace/Desktop/new meta/tcp_drama/A17029.xml,/Users/grace/Desktop/new meta/<l><p>extract/A17029.txt,13047
A15498,ok,/Users/grace/Desktop/new meta/tcp_drama/A15498.xml,/Users/grace/Desktop/new meta/<l><p>extract/A15498.txt,93452
A06619,ok,/Users/grace/Desktop/new meta/tcp_drama/A06619.xml,/Users/grace/Desktop/new meta/<l><p>extract/A06619.txt,71906
A06621,ok,/Users/grace/Desktop/new meta/tcp_drama/A06621.xml,/Users/grace/Desktop/new meta/<l><p>extract/A06621.txt,77651
A20951,ok,/Users/grace/Desktop/new meta/tcp_drama/A20951.xml,/Users/grace/Desktop/new meta/<l><p>extract/A20951.txt,103155
A01502,ok,/Users/grace/Desktop/new meta/tcp_drama/A01502.xml,/Users/grace/Desktop/new meta/<l><p>extract/A01502.txt,83009
A12578,ok,/Users/grace/Desktop/new meta/tcp_drama/A12578.xml,/Users/grace/Desktop/new meta/<l><p>extract/A12578.txt,95627
A04942,ok,/Users/grace/Desktop/new meta/tcp_drama/A04942.xml,/Users/grace/Desktop/new meta/<l><p>extract/A04942.txt,114774
A09224,ok,/Users/grace/Desktop/new meta/tcp_drama/A09224.xml,/Users/grace/Desktop/new meta/<l><p>extract/A09224.txt,117017
A21328,ok,/Users/grace/Desktop/new meta/tcp_drama/A21328.xml,/Users/grace/Desktop/new meta/<l><p>extract/A21328.txt,62606
A13062,ok,/Users/grace/Desktop/new meta/tcp_drama/A13062.xml,/Users/grace/Desktop/new meta/<l><p>extract/A13062.txt,44536
A04888,ok,/Users/grace/Desktop/new meta/tcp_drama/A04888.xml,/Users/grace/Desktop/new meta/<l><p>extract/A04888.txt,85707
A01500,ok,/Users/grace/Desktop/new meta/tcp_drama/A01500.xml,/Users/grace/Desktop/new meta/<l><p>extract/A01500.txt,90565
A12017,ok,/Users/grace/Desktop/new meta/tcp_drama/A12017.xml,/Users/grace/Desktop/new meta/<l><p>extract/A12017.txt,104950
A06185,ok,/Users/grace/Desktop/new meta/tcp_drama/A06185.xml,/Users/grace/Desktop/new meta/<l><p>extract/A06185.txt,102515
A68931,ok,/Users/grace/Desktop/new meta/tcp_drama/A68931.xml,/Users/grace/Desktop/new meta/<l><p>extract/A68931.txt,86423
A13358,ok,/Users/grace/Desktop/new meta/tcp_drama/A13358.xml,/Users/grace/Desktop/new meta/<l><p>extract/A13358.txt,62977
A13360,ok,/Users/grace/Desktop/new meta/tcp_drama/A13360.xml,/Users/grace/Desktop/new meta/<l><p>extract/A13360.txt,63039
A12016,ok,/Users/grace/Desktop/new meta/tcp_drama/A12016.xml,/Users/grace/Desktop/new meta/<l><p>extract/A12016.txt,108450
A02127,ok,/Users/grace/Desktop/new meta/tcp_drama/A02127.xml,/Users/grace/Desktop/new meta/<l><p>extract/A02127.txt,84682
A02128,ok,/Users/grace/Desktop/new meta/tcp_drama/A02128.xml,/Users/grace/Desktop/new meta/<l><p>extract/A02128.txt,86939
A06184,ok,/Users/grace/Desktop/new meta/tcp_drama/A06184.xml,/Users/grace/Desktop/new meta/<l><p>extract/A06184.txt,110235
A02125,ok,/Users/grace/Desktop/new meta/tcp_drama/A02125.xml,/Users/grace/Desktop/new meta/<l><p>extract/A02125.txt,59684
A15515,ok,/Users/grace/Desktop/new meta/tcp_drama/A15515.xml,/Users/grace/Desktop/new meta/<l><p>extract/A15515.txt,63532
A06622,ok,/Users/grace/Desktop/new meta/tcp_drama/A06622.xml,/Users/grace/Desktop/new meta/<l><p>extract/A06622.txt,86814
A10730,ok,/Users/grace/Desktop/new meta/tcp_drama/A10730.xml,/Users/grace/Desktop/new meta/<l><p>extract/A10730.txt,99755
A09221,ok,/Users/grace/Desktop/new meta/tcp_drama/A09221.xml,/Users/grace/Desktop/new meta/<l><p>extract/A09221.txt,61521
A07023,ok,/Users/grace/Desktop/new meta/tcp_drama/A07023.xml,/Users/grace/Desktop/new meta/<l><p>extract/A07023.txt,73813
A07018,ok,/Users/grace/Desktop/new meta/tcp_drama/A07018.xml,/Users/grace/Desktop/new meta/<l><p>extract/A07018.txt,111506
A19738,ok,/Users/grace/Desktop/new meta/tcp_drama/A19738.xml,/Users/grace/Desktop/new meta/<l><p>extract/A19738.txt,72369
A07003,ok,/Users/grace/Desktop/new meta/tcp_drama/A07003.xml,/Users/grace/Desktop/new meta/<l><p>extract/A07003.txt,51674
A15516,ok,/Users/grace/Desktop/new meta/tcp_drama/A15516.xml,/Users/grace/Desktop/new meta/<l><p>extract/A15516.txt,72030
A11262,ok,/Users/grace/Desktop/new meta/tcp_drama/A11262.xml,/Users/grace/Desktop/new meta/<l><p>extract/A11262.txt,88019
A09232,ok,/Users/grace/Desktop/new meta/tcp_drama/A09232.xml,/Users/grace/Desktop/new meta/<l><p>extract/A09232.txt,40301
A10726,ok,/Users/grace/Desktop/new meta/tcp_drama/A10726.xml,/Users/grace/Desktop/new meta/<l><p>extract/A10726.txt,90339
A04889,ok,/Users/grace/Desktop/new meta/tcp_drama/A04889.xml,/Users/grace/Desktop/new meta/<l><p>extract/A04889.txt,70791
A21144,ok,/Users/grace/Desktop/new meta/tcp_drama/A21144.xml,/Users/grace/Desktop/new meta/<l><p>extract/A21144.txt,106777
A11994,ok,/Users/grace/Desktop/new meta/tcp_drama/A11994.xml,/Users/grace/Desktop/new meta/<l><p>extract/A11994.txt,112205
A12001,ok,/Users/grace/Desktop/new meta/tcp_drama/A12001.xml,/Users/grace/Desktop/new meta/<l><p>extract/A12001.txt,145000
A12010,ok,/Users/grace/Desktop/new meta/tcp_drama/A12010.xml,/Users/grace/Desktop/new meta/<l><p>extract/A12010.txt,92385
A06629,ok,/Users/grace/Desktop/new meta/tcp_drama/A06629.xml,/Users/grace/Desktop/new meta/<l><p>extract/A06629.txt,67434
A11966,ok,/Users/grace/Desktop/new meta/tcp_drama/A11966.xml,/Users/grace/Desktop/new meta/<l><p>extract/A11966.txt,127941
A18402,ok,/Users/grace/Desktop/new meta/tcp_drama/A18402.xml,/Users/grace/Desktop/new meta/<l><p>extract/A18402.txt,68573
A02168,ok,/Users/grace/Desktop/new meta/tcp_drama/A02168.xml,/Users/grace/Desktop/new meta/<l><p>extract/A02168.txt,106461
A68726,ok,/Users/grace/Desktop/new meta/tcp_drama/A68726.xml,/Users/grace/Desktop/new meta/<l><p>extract/A68726.txt,98517
A07859,ok,/Users/grace/Desktop/new meta/tcp_drama/A07859.xml,/Users/grace/Desktop/new meta/<l><p>extract/A07859.txt,57532
A02091,ok,/Users/grace/Desktop/new meta/tcp_drama/A02091.xml,/Users/grace/Desktop/new meta/<l><p>extract/A02091.txt,60022
A02070,ok,/Users/grace/Desktop/new meta/tcp_drama/A02070.xml,/Users/grace/Desktop/new meta/<l><p>extract/A02070.txt,41796
A09228,ok,/Users/grace/Desktop/new meta/tcp_drama/A09228.xml,/Users/grace/Desktop/new meta/<l><p>extract/A09228.txt,81989
A09857,ok,/Users/grace/Desktop/new meta/tcp_drama/A09857.xml,/Users/grace/Desktop/new meta/<l><p>extract/A09857.txt,128583
A20076,ok,/Users/grace/Desktop/new meta/tcp_drama/A20076.xml,/Users/grace/Desktop/new meta/<l><p>extract/A20076.txt,131107
A04648,ok,/Users/grace/Desktop/new meta/tcp_drama/A04648.xml,/Users/grace/Desktop/new meta/<l><p>extract/A04648.txt,207277
A06742,ok,/Users/grace/Desktop/new meta/tcp_drama/A06742.xml,/Users/grace/Desktop/new meta/<l><p>extract/A06742.txt,73491
A11975,ok,/Users/grace/Desktop/new meta/tcp_drama/A11975.xml,/Users/grace/Desktop/new meta/<l><p>extract/A11975.txt,65108
A08469,ok,/Users/grace/Desktop/new meta/tcp_drama/A08469.xml,/Users/grace/Desktop/new meta/<l><p>extract/A08469.txt,113666
A11974,ok,/Users/grace/Desktop/new meta/tcp_drama/A11974.xml,/Users/grace/Desktop/new meta/<l><p>extract/A11974.txt,126239
A11991,ok,/Users/grace/Desktop/new meta/tcp_drama/A11991.xml,/Users/grace/Desktop/new meta/<l><p>extract/A11991.txt,108537
A11989,ok,/Users/grace/Desktop/new meta/tcp_drama/A11989.xml,/Users/grace/Desktop/new meta/<l><p>extract/A11989.txt,88206
A68727,ok,/Users/grace/Desktop/new meta/tcp_drama/A68727.xml,/Users/grace/Desktop/new meta/<l><p>extract/A68727.txt,101578
A11981,ok,/Users/grace/Desktop/new meta/tcp_drama/A11981.xml,/Users/grace/Desktop/new meta/<l><p>extract/A11981.txt,110191
A08009,ok,/Users/grace/Desktop/new meta/tcp_drama/A08009.xml,/Users/grace/Desktop/new meta/<l><p>extract/A08009.txt,90861
A06333,ok,/Users/grace/Desktop/new meta/tcp_drama/A06333.xml,/Users/grace/Desktop/new meta/<l><p>extract/A06333.txt,131205
A20083,ok,/Users/grace/Desktop/new meta/tcp_drama/A20083.xml,/Users/grace/Desktop/new meta/<l><p>extract/A20083.txt,100938
A04647,ok,/Users/grace/Desktop/new meta/tcp_drama/A04647.xml,/Users/grace/Desktop/new meta/<l><p>extract/A04647.txt,134908
A20867,ok,/Users/grace/Desktop/new meta/tcp_drama/A20867.xml,/Users/grace/Desktop/new meta/<l><p>extract/A20867.txt,87071
A06620,ok,/Users/grace/Desktop/new meta/tcp_drama/A06620.xml,/Users/grace/Desktop/new meta/<l><p>extract/A06620.txt,56731
A07897,ok,/Users/grace/Desktop/new meta/tcp_drama/A07897.xml,/Users/grace/Desktop/new meta/<l><p>extract/A07897.txt,116652
A15814,ok,/Users/grace/Desktop/new meta/tcp_drama/A15814.xml,/Users/grace/Desktop/new meta/<l><p>extract/A15814.txt,101114
A02284,ok,/Users/grace/Desktop/new meta/tcp_drama/A02284.xml,/Users/grace/Desktop/new meta/<l><p>extract/A02284.txt,193833
A07063,ok,/Users/grace/Desktop/new meta/tcp_drama/A07063.xml,/Users/grace/Desktop/new meta/<l><p>extract/A07063.txt,80577
A07064,ok,/Users/grace/Desktop/new meta/tcp_drama/A07064.xml,/Users/grace/Desktop/new meta/<l><p>extract/A07064.txt,82682
B14290,ok,/Users/grace/Desktop/new meta/tcp_drama/B14290.xml,/Users/grace/Desktop/new meta/<l><p>extract/B14290.txt,139139
A11983,ok,/Users/grace/Desktop/new meta/tcp_drama/A11983.xml,/Users/grace/Desktop/new meta/<l><p>extract/A11983.txt,57628
A11988,ok,/Users/grace/Desktop/new meta/tcp_drama/A11988.xml,/Users/grace/Desktop/new meta/<l><p>extract/A11988.txt,112172
A07492,ok,/Users/grace/Desktop/new meta/tcp_drama/A07492.xml,/Users/grace/Desktop/new meta/<l><p>extract/A07492.txt,89703
A11265,ok,/Users/grace/Desktop/new meta/tcp_drama/A11265.xml,/Users/grace/Desktop/new meta/<l><p>extract/A11265.txt,69204
A11267,ok,/Users/grace/Desktop/new meta/tcp_drama/A11267.xml,/Users/grace/Desktop/new meta/<l><p>extract/A11267.txt,72425
A19182,ok,/Users/grace/Desktop/new meta/tcp_drama/A19182.xml,/Users/grace/Desktop/new meta/<l><p>extract/A19182.txt,53777
A19183,ok,/Users/grace/Desktop/new meta/tcp_drama/A19183.xml,/Users/grace/Desktop/new meta/<l><p>extract/A19183.txt,110326
A06270,ok,/Users/grace/Desktop/new meta/tcp_drama/A06270.xml,/Users/grace/Desktop/new meta/<l><p>extract/A06270.txt,67994
A20081,ok,/Users/grace/Desktop/new meta/tcp_drama/A20081.xml,/Users/grace/Desktop/new meta/<l><p>extract/A20081.txt,122478
A11959,ok,/Users/grace/Desktop/new meta/tcp_drama/A11959.xml,/Users/grace/Desktop/new meta/<l><p>extract/A11959.txt,85459
A20077,ok,/Users/grace/Desktop/new meta/tcp_drama/A20077.xml,/Users/grace/Desktop/new meta/<l><p>extract/A20077.txt,105639
A09613,ok,/Users/grace/Desktop/new meta/tcp_drama/A09613.xml,/Users/grace/Desktop/new meta/<l><p>extract/A09613.txt,47317
A20069,ok,/Users/grace/Desktop/new meta/tcp_drama/A20069.xml,/Users/grace/Desktop/new meta/<l><p>extract/A20069.txt,76628
A07071,ok,/Users/grace/Desktop/new meta/tcp_drama/A07071.xml,/Users/grace/Desktop/new meta/<l><p>extract/A07071.txt,83089
A07074,ok,/Users/grace/Desktop/new meta/tcp_drama/A07074.xml,/Users/grace/Desktop/new meta/<l><p>extract/A07074.txt,110185
A20062,ok,/Users/grace/Desktop/new meta/tcp_drama/A20062.xml,/Users/grace/Desktop/new meta/<l><p>extract/A20062.txt,124519
A07009,ok,/Users/grace/Desktop/new meta/tcp_drama/A07009.xml,/Users/grace/Desktop/new meta/<l><p>extract/A07009.txt,62151
A19837,ok,/Users/grace/Desktop/new meta/tcp_drama/A19837.xml,/Users/grace/Desktop/new meta/<l><p>extract/A19837.txt,9081
A19838,ok,/Users/grace/Desktop/new meta/tcp_drama/A19838.xml,/Users/grace/Desktop/new meta/<l><p>extract/A19838.txt,22941
A02732,ok,/Users/grace/Desktop/new meta/tcp_drama/A02732.xml,/Users/grace/Desktop/new meta/<l><p>extract/A02732.txt,41199
A68191,ok,/Users/grace/Desktop/new meta/tcp_drama/A68191.xml,/Users/grace/Desktop/new meta/<l><p>extract/A68191.txt,105065
A03404,ok,/Users/grace/Desktop/new meta/tcp_drama/A03404.xml,/Users/grace/Desktop/new meta/<l><p>extract/A03404.txt,105703
A16900,ok,/Users/grace/Desktop/new meta/tcp_drama/A16900.xml,/Users/grace/Desktop/new meta/<l><p>extract/A16900.txt,47817
A11146,ok,/Users/grace/Desktop/new meta/tcp_drama/A11146.xml,/Users/grace/Desktop/new meta/<l><p>extract/A11146.txt,129464
A05206,ok,/Users/grace/Desktop/new meta/tcp_drama/A05206.xml,/Users/grace/Desktop/new meta/<l><p>extract/A05206.txt,110839
A07065,ok,/Users/grace/Desktop/new meta/tcp_drama/A07065.xml,/Users/grace/Desktop/new meta/<l><p>extract/A07065.txt,96818
A03208,ok,/Users/grace/Desktop/new meta/tcp_drama/A03208.xml,/Users/grace/Desktop/new meta/<l><p>extract/A03208.txt,62386
A18407,ok,/Users/grace/Desktop/new meta/tcp_drama/A18407.xml,/Users/grace/Desktop/new meta/<l><p>extract/A18407.txt,129373
A07907,ok,/Users/grace/Desktop/new meta/tcp_drama/A07907.xml,/Users/grace/Desktop/new meta/<l><p>extract/A07907.txt,25997
A18400,ok,/Users/grace/Desktop/new meta/tcp_drama/A18400.xml,/Users/grace/Desktop/new meta/<l><p>extract/A18400.txt,102703
A04941,ok,/Users/grace/Desktop/new meta/tcp_drama/A04941.xml,/Users/grace/Desktop/new meta/<l><p>extract/A04941.txt,48676
A12023,ok,/Users/grace/Desktop/new meta/tcp_drama/A12023.xml,/Users/grace/Desktop/new meta/<l><p>extract/A12023.txt,82202
A03217,ok,/Users/grace/Desktop/new meta/tcp_drama/A03217.xml,/Users/grace/Desktop/new meta/<l><p>extract/A03217.txt,114950
A18413,ok,/Users/grace/Desktop/new meta/tcp_drama/A18413.xml,/Users/grace/Desktop/new meta/<l><p>extract/A18413.txt,110426
A19835,ok,/Users/grace/Desktop/new meta/tcp_drama/A19835.xml,/Users/grace/Desktop/new meta/<l><p>extract/A19835.txt,110600
A01911,ok,/Users/grace/Desktop/new meta/tcp_drama/A01911.xml,/Users/grace/Desktop/new meta/<l><p>extract/A01911.txt,109564
A08262,ok,/Users/grace/Desktop/new meta/tcp_drama/A08262.xml,/Users/grace/Desktop/new meta/<l><p>extract/A08262.txt,85212
A07077,ok,/Users/grace/Desktop/new meta/tcp_drama/A07077.xml,/Users/grace/Desktop/new meta/<l><p>extract/A07077.txt,127271
A07083,ok,/Users/grace/Desktop/new meta/tcp_drama/A07083.xml,/Users/grace/Desktop/new meta/<l><p>extract/A07083.txt,72859
A15549,ok,/Users/grace/Desktop/new meta/tcp_drama/A15549.xml,/Users/grace/Desktop/new meta/<l><p>extract/A15549.txt,103850
A19976,ok,/Users/grace/Desktop/new meta/tcp_drama/A19976.xml,/Users/grace/Desktop/new meta/<l><p>extract/A19976.txt,112889
A69188,ok,/Users/grace/Desktop/new meta/tcp_drama/A69188.xml,/Users/grace/Desktop/new meta/<l><p>extract/A69188.txt,222703
A04654,ok,/Users/grace/Desktop/new meta/tcp_drama/A04654.xml,/Users/grace/Desktop/new meta/<l><p>extract/A04654.txt,59017
A17871,ok,/Users/grace/Desktop/new meta/tcp_drama/A17871.xml,/Users/grace/Desktop/new meta/<l><p>extract/A17871.txt,32831
A13804,ok,/Users/grace/Desktop/new meta/tcp_drama/A13804.xml,/Users/grace/Desktop/new meta/<l><p>extract/A13804.txt,143239
A20092,ok,/Users/grace/Desktop/new meta/tcp_drama/A20092.xml,/Users/grace/Desktop/new meta/<l><p>extract/A20092.txt,122858
A03197,ok,/Users/grace/Desktop/new meta/tcp_drama/A03197.xml,/Users/grace/Desktop/new meta/<l><p>extract/A03197.txt,112277
A07507,ok,/Users/grace/Desktop/new meta/tcp_drama/A07507.xml,/Users/grace/Desktop/new meta/<l><p>extract/A07507.txt,105178
A07505,ok,/Users/grace/Desktop/new meta/tcp_drama/A07505.xml,/Users/grace/Desktop/new meta/<l><p>extract/A07505.txt,103989
A06458,ok,/Users/grace/Desktop/new meta/tcp_drama/A06458.xml,/Users/grace/Desktop/new meta/<l><p>extract/A06458.txt,120846
A18403,ok,/Users/grace/Desktop/new meta/tcp_drama/A18403.xml,/Users/grace/Desktop/new meta/<l><p>extract/A18403.txt,107433
A12074,ok,/Users/grace/Desktop/new meta/tcp_drama/A12074.xml,/Users/grace/Desktop/new meta/<l><p>extract/A12074.txt,121179
A15352,ok,/Users/grace/Desktop/new meta/tcp_drama/A15352.xml,/Users/grace/Desktop/new meta/<l><p>extract/A15352.txt,122748
A20098,ok,/Users/grace/Desktop/new meta/tcp_drama/A20098.xml,/Users/grace/Desktop/new meta/<l><p>extract/A20098.txt,110497
A11264,ok,/Users/grace/Desktop/new meta/tcp_drama/A11264.xml,/Users/grace/Desktop/new meta/<l><p>extract/A11264.txt,97782
A07081,ok,/Users/grace/Desktop/new meta/tcp_drama/A07081.xml,/Users/grace/Desktop/new meta/<l><p>extract/A07081.txt,93427
A13843,ok,/Users/grace/Desktop/new meta/tcp_drama/A13843.xml,/Users/grace/Desktop/new meta/<l><p>extract/A13843.txt,106043
A04539,ok,/Users/grace/Desktop/new meta/tcp_drama/A04539.xml,/Users/grace/Desktop/new meta/<l><p>extract/A04539.txt,131451
A12078,ok,/Users/grace/Desktop/new meta/tcp_drama/A12078.xml,/Users/grace/Desktop/new meta/<l><p>extract/A12078.txt,86445
A20096,ok,/Users/grace/Desktop/new meta/tcp_drama/A20096.xml,/Users/grace/Desktop/new meta/<l><p>extract/A20096.txt,59391
A20100,ok,/Users/grace/Desktop/new meta/tcp_drama/A20100.xml,/Users/grace/Desktop/new meta/<l><p>extract/A20100.txt,119092
A03256,ok,/Users/grace/Desktop/new meta/tcp_drama/A03256.xml,/Users/grace/Desktop/new meta/<l><p>extract/A03256.txt,84645
A07511,ok,/Users/grace/Desktop/new meta/tcp_drama/A07511.xml,/Users/grace/Desktop/new meta/<l><p>extract/A07511.txt,96260
A07495,ok,/Users/grace/Desktop/new meta/tcp_drama/A07495.xml,/Users/grace/Desktop/new meta/<l><p>extract/A07495.txt,108385
A21136,ok,/Users/grace/Desktop/new meta/tcp_drama/A21136.xml,/Users/grace/Desktop/new meta/<l><p>extract/A21136.txt,62669
A11978,ok,/Users/grace/Desktop/new meta/tcp_drama/A11978.xml,/Users/grace/Desktop/new meta/<l><p>extract/A11978.txt,131397
A68468,ok,/Users/grace/Desktop/new meta/tcp_drama/A68468.xml,/Users/grace/Desktop/new meta/<l><p>extract/A68468.txt,107015
A19977,ok,/Users/grace/Desktop/new meta/tcp_drama/A19977.xml,/Users/grace/Desktop/new meta/<l><p>extract/A19977.txt,85284
A19975,ok,/Users/grace/Desktop/new meta/tcp_drama/A19975.xml,/Users/grace/Desktop/new meta/<l><p>extract/A19975.txt,74810
A12030,ok,/Users/grace/Desktop/new meta/tcp_drama/A12030.xml,/Users/grace/Desktop/new meta/<l><p>extract/A12030.txt,30963
A03244,ok,/Users/grace/Desktop/new meta/tcp_drama/A03244.xml,/Users/grace/Desktop/new meta/<l><p>extract/A03244.txt,108570
A07504,ok,/Users/grace/Desktop/new meta/tcp_drama/A07504.xml,/Users/grace/Desktop/new meta/<l><p>extract/A07504.txt,95804
A06975,ok,/Users/grace/Desktop/new meta/tcp_drama/A06975.xml,/Users/grace/Desktop/new meta/<l><p>extract/A06975.txt,100288
A12021,ok,/Users/grace/Desktop/new meta/tcp_drama/A12021.xml,/Users/grace/Desktop/new meta/<l><p>extract/A12021.txt,136749
A04638,ok,/Users/grace/Desktop/new meta/tcp_drama/A04638.xml,/Users/grace/Desktop/new meta/<l><p>extract/A04638.txt,94761
A15676,ok,/Users/grace/Desktop/new meta/tcp_drama/A15676.xml,/Users/grace/Desktop/new meta/<l><p>extract/A15676.txt,92407
A12024,ok,/Users/grace/Desktop/new meta/tcp_drama/A12024.xml,/Users/grace/Desktop/new meta/<l><p>extract/A12024.txt,96703
A21411,ok,/Users/grace/Desktop/new meta/tcp_drama/A21411.xml,/Users/grace/Desktop/new meta/<l><p>extract/A21411.txt,88423
A07217,ok,/Users/grace/Desktop/new meta/tcp_drama/A07217.xml,/Users/grace/Desktop/new meta/<l><p>extract/A07217.txt,95183
A00962,ok,/Users/grace/Desktop/new meta/tcp_drama/A00962.xml,/Users/grace/Desktop/new meta/<l><p>extract/A00962.txt,115832
A18589,ok,/Users/grace/Desktop/new meta/tcp_drama/A18589.xml,/Users/grace/Desktop/new meta/<l><p>extract/A18589.txt,29683
A03019,ok,/Users/grace/Desktop/new meta/tcp_drama/A03019.xml,/Users/grace/Desktop/new meta/<l><p>extract/A03019.txt,17044
A03405,ok,/Users/grace/Desktop/new meta/tcp_drama/A03405.xml,/Users/grace/Desktop/new meta/<l><p>extract/A03405.txt,71776
A04881,ok,/Users/grace/Desktop/new meta/tcp_drama/A04881.xml,/Users/grace/Desktop/new meta/<l><p>extract/A04881.txt,110661
A13840,ok,/Users/grace/Desktop/new meta/tcp_drama/A13840.xml,/Users/grace/Desktop/new meta/<l><p>extract/A13840.txt,114079
A03205,ok,/Users/grace/Desktop/new meta/tcp_drama/A03205.xml,/Users/grace/Desktop/new meta/<l><p>extract/A03205.txt,99209
A07895,ok,/Users/grace/Desktop/new meta/tcp_drama/A07895.xml,/Users/grace/Desktop/new meta/<l><p>extract/A07895.txt,24802
A04640,ok,/Users/grace/Desktop/new meta/tcp_drama/A04640.xml,/Users/grace/Desktop/new meta/<l><p>extract/A04640.txt,161736
A18415,ok,/Users/grace/Desktop/new meta/tcp_drama/A18415.xml,/Users/grace/Desktop/new meta/<l><p>extract/A18415.txt,122773
A07524,ok,/Users/grace/Desktop/new meta/tcp_drama/A07524.xml,/Users/grace/Desktop/new meta/<l><p>extract/A07524.txt,126412
A00725,ok,/Users/grace/Desktop/new meta/tcp_drama/A00725.xml,/Users/grace/Desktop/new meta/<l><p>extract/A00725.txt,87866
A19757,ok,/Users/grace/Desktop/new meta/tcp_drama/A19757.xml,/Users/grace/Desktop/new meta/<l><p>extract/A19757.txt,104014
A18426,ok,/Users/grace/Desktop/new meta/tcp_drama/A18426.xml,/Users/grace/Desktop/new meta/<l><p>extract/A18426.txt,118642
A20090,ok,/Users/grace/Desktop/new meta/tcp_drama/A20090.xml,/Users/grace/Desktop/new meta/<l><p>extract/A20090.txt,30519
A04636,ok,/Users/grace/Desktop/new meta/tcp_drama/A04636.xml,/Users/grace/Desktop/new meta/<l><p>extract/A04636.txt,147664
A04645,ok,/Users/grace/Desktop/new meta/tcp_drama/A04645.xml,/Users/grace/Desktop/new meta/<l><p>extract/A04645.txt,141876
A20066,ok,/Users/grace/Desktop/new meta/tcp_drama/A20066.xml,/Users/grace/Desktop/new meta/<l><p>extract/A20066.txt,122566
A14875,ok,/Users/grace/Desktop/new meta/tcp_drama/A14875.xml,/Users/grace/Desktop/new meta/<l><p>extract/A14875.txt,136202
A18421,ok,/Users/grace/Desktop/new meta/tcp_drama/A18421.xml,/Users/grace/Desktop/new meta/<l><p>extract/A18421.txt,110503
A06150,ok,/Users/grace/Desktop/new meta/tcp_drama/A06150.xml,/Users/grace/Desktop/new meta/<l><p>extract/A06150.txt,19701
A07518,ok,/Users/grace/Desktop/new meta/tcp_drama/A07518.xml,/Users/grace/Desktop/new meta/<l><p>extract/A07518.txt,38244
A03189,ok,/Users/grace/Desktop/new meta/tcp_drama/A03189.xml,/Users/grace/Desktop/new meta/<l><p>extract/A03189.txt,114401
A12954,ok,/Users/grace/Desktop/new meta/tcp_drama/A12954.xml,/Users/grace/Desktop/new meta/<l><p>extract/A12954.txt,209564
A07067,ok,/Users/grace/Desktop/new meta/tcp_drama/A07067.xml,/Users/grace/Desktop/new meta/<l><p>extract/A07067.txt,111687
A06252,ok,/Users/grace/Desktop/new meta/tcp_drama/A06252.xml,/Users/grace/Desktop/new meta/<l><p>extract/A06252.txt,112621
A13345,ok,/Users/grace/Desktop/new meta/tcp_drama/A13345.xml,/Users/grace/Desktop/new meta/<l><p>extract/A13345.txt,88718
A07903,ok,/Users/grace/Desktop/new meta/tcp_drama/A07903.xml,/Users/grace/Desktop/new meta/<l><p>extract/A07903.txt,22391
A19260,ok,/Users/grace/Desktop/new meta/tcp_drama/A19260.xml,/Users/grace/Desktop/new meta/<l><p>extract/A19260.txt,124028
A19829,ok,/Users/grace/Desktop/new meta/tcp_drama/A19829.xml,/Users/grace/Desktop/new meta/<l><p>extract/A19829.txt,83593
A03424,ok,/Users/grace/Desktop/new meta/tcp_drama/A03424.xml,/Users/grace/Desktop/new meta/<l><p>extract/A03424.txt,8530
A03438,ok,/Users/grace/Desktop/new meta/tcp_drama/A03438.xml,/Users/grace/Desktop/new meta/<l><p>extract/A03438.txt,12425
A05801,ok,/Users/grace/Desktop/new meta/tcp_drama/A05801.xml,/Users/grace/Desktop/new meta/<l><p>extract/A05801.txt,91912
A06177,ok,/Users/grace/Desktop/new meta/tcp_drama/A06177.xml,/Users/grace/Desktop/new meta/<l><p>extract/A06177.txt,107118
A12548,ok,/Users/grace/Desktop/new meta/tcp_drama/A12548.xml,/Users/grace/Desktop/new meta/<l><p>extract/A12548.txt,84856
A13802,ok,/Users/grace/Desktop/new meta/tcp_drama/A13802.xml,/Users/grace/Desktop/new meta/<l><p>extract/A13802.txt,121904
A15707,ok,/Users/grace/Desktop/new meta/tcp_drama/A15707.xml,/Users/grace/Desktop/new meta/<l><p>extract/A15707.txt,9998
A07904,ok,/Users/grace/Desktop/new meta/tcp_drama/A07904.xml,/Users/grace/Desktop/new meta/<l><p>extract/A07904.txt,20406
A03202,ok,/Users/grace/Desktop/new meta/tcp_drama/A03202.xml,/Users/grace/Desktop/new meta/<l><p>extract/A03202.txt,120193
A06389,ok,/Users/grace/Desktop/new meta/tcp_drama/A06389.xml,/Users/grace/Desktop/new meta/<l><p>extract/A06389.txt,120001
A68488,ok,/Users/grace/Desktop/new meta/tcp_drama/A68488.xml,/Users/grace/Desktop/new meta/<l><p>extract/A68488.txt,22264
A02800,ok,/Users/grace/Desktop/new meta/tcp_drama/A02800.xml,/Users/grace/Desktop/new meta/<l><p>extract/A02800.txt,114251
A68683,ok,/Users/grace/Desktop/new meta/tcp_drama/A68683.xml,/Users/grace/Desktop/new meta/<l><p>extract/A68683.txt,112636
A07494,ok,/Users/grace/Desktop/new meta/tcp_drama/A07494.xml,/Users/grace/Desktop/new meta/<l><p>extract/A07494.txt,19047
B14287,ok,/Users/grace/Desktop/new meta/tcp_drama/B14287.xml,/Users/grace/Desktop/new meta/<l><p>extract/B14287.txt,5913
A07513,ok,/Users/grace/Desktop/new meta/tcp_drama/A07513.xml,/Users/grace/Desktop/new meta/<l><p>extract/A07513.txt,14336
A03496,ok,/Users/grace/Desktop/new meta/tcp_drama/A03496.xml,/Users/grace/Desktop/new meta/<l><p>extract/A03496.txt,184412
A07637,ok,/Users/grace/Desktop/new meta/tcp_drama/A07637.xml,/Users/grace/Desktop/new meta/<l><p>extract/A07637.txt,75046
A07906,ok,/Users/grace/Desktop/new meta/tcp_drama/A07906.xml,/Users/grace/Desktop/new meta/<l><p>extract/A07906.txt,15375
A00723,ok,/Users/grace/Desktop/new meta/tcp_drama/A00723.xml,/Users/grace/Desktop/new meta/<l><p>extract/A00723.txt,92814
A06289,ok,/Users/grace/Desktop/new meta/tcp_drama/A06289.xml,/Users/grace/Desktop/new meta/<l><p>extract/A06289.txt,109070
A07503,ok,/Users/grace/Desktop/new meta/tcp_drama/A07503.xml,/Users/grace/Desktop/new meta/<l><p>extract/A07503.txt,16960
A07517,ok,/Users/grace/Desktop/new meta/tcp_drama/A07517.xml,/Users/grace/Desktop/new meta/<l><p>extract/A07517.txt,22201
A06207,ok,/Users/grace/Desktop/new meta/tcp_drama/A06207.xml,/Users/grace/Desktop/new meta/<l><p>extract/A06207.txt,124641
A18423,ok,/Users/grace/Desktop/new meta/tcp_drama/A18423.xml,/Users/grace/Desktop/new meta/<l><p>extract/A18423.txt,180722
A06343,ok,/Users/grace/Desktop/new meta/tcp_drama/A06343.xml,/Users/grace/Desktop/new meta/<l><p>extract/A06343.txt,102715
A17460,ok,/Users/grace/Desktop/new meta/tcp_drama/A17460.xml,/Users/grace/Desktop/new meta/<l><p>extract/A17460.txt,139875
A07525,ok,/Users/grace/Desktop/new meta/tcp_drama/A07525.xml,/Users/grace/Desktop/new meta/<l><p>extract/A07525.txt,48364
A12813,ok,/Users/grace/Desktop/new meta/tcp_drama/A12813.xml,/Users/grace/Desktop/new meta/<l><p>extract/A12813.txt,17102
A07510,ok,/Users/grace/Desktop/new meta/tcp_drama/A07510.xml,/Users/grace/Desktop/new meta/<l><p>extract/A07510.txt,14866
A00968,ok,/Users/grace/Desktop/new meta/tcp_drama/A00968.xml,/Users/grace/Desktop/new meta/<l><p>extract/A00968.txt,102160
A11992,ok,/Users/grace/Desktop/new meta/tcp_drama/A11992.xml,/Users/grace/Desktop/new meta/<l><p>extract/A11992.txt,131978
A07249,ok,/Users/grace/Desktop/new meta/tcp_drama/A07249.xml,/Users/grace/Desktop/new meta/<l><p>extract/A07249.txt,115001
A06982,ok,/Users/grace/Desktop/new meta/tcp_drama/A06982.xml,/Users/grace/Desktop/new meta/<l><p>extract/A06982.txt,124800
A07515,ok,/Users/grace/Desktop/new meta/tcp_drama/A07515.xml,/Users/grace/Desktop/new meta/<l><p>extract/A07515.txt,14785
A07326,ok,/Users/grace/Desktop/new meta/tcp_drama/A07326.xml,/Users/grace/Desktop/new meta/<l><p>extract/A07326.txt,87942
B00230,ok,/Users/grace/Desktop/new meta/tcp_drama/B00230.xml,/Users/grace/Desktop/new meta/<l><p>extract/B00230.txt,16956
A07237,ok,/Users/grace/Desktop/new meta/tcp_drama/A07237.xml,/Users/grace/Desktop/new meta/<l><p>extract/A07237.txt,113963
A07516,ok,/Users/grace/Desktop/new meta/tcp_drama/A07516.xml,/Users/grace/Desktop/new meta/<l><p>extract/A07516.txt,15389
A14869,ok,/Users/grace/Desktop/new meta/tcp_drama/A14869.xml,/Users/grace/Desktop/new meta/<l><p>extract/A14869.txt,122740
A14872,ok,/Users/grace/Desktop/new meta/tcp_drama/A14872.xml,/Users/grace/Desktop/new meta/<l><p>extract/A14872.txt,132008
A04656,ok,/Users/grace/Desktop/new meta/tcp_drama/A04656.xml,/Users/grace/Desktop/new meta/<l><p>extract/A04656.txt,13345
A07234,ok,/Users/grace/Desktop/new meta/tcp_drama/A07234.xml,/Users/grace/Desktop/new meta/<l><p>extract/A07234.txt,113547
A14871,ok,/Users/grace/Desktop/new meta/tcp_drama/A14871.xml,/Users/grace/Desktop/new meta/<l><p>extract/A14871.txt,18968
A08065,ok,/Users/grace/Desktop/new meta/tcp_drama/A08065.xml,/Users/grace/Desktop/new meta/<l><p>extract/A08065.txt,97152
A04652,ok,/Users/grace/Desktop/new meta/tcp_drama/A04652.xml,/Users/grace/Desktop/new meta/<l><p>extract/A04652.txt,17990
A07498,ok,/Users/grace/Desktop/new meta/tcp_drama/A07498.xml,/Users/grace/Desktop/new meta/<l><p>extract/A07498.txt,97501
A07512,ok,/Users/grace/Desktop/new meta/tcp_drama/A07512.xml,/Users/grace/Desktop/new meta/<l><p>extract/A07512.txt,10589
A02827,ok,/Users/grace/Desktop/new meta/tcp_drama/A02827.xml,/Users/grace/Desktop/new meta/<l><p>extract/A02827.txt,128692
A13384,ok,/Users/grace/Desktop/new meta/tcp_drama/A13384.xml,/Users/grace/Desktop/new meta/<l><p>extract/A13384.txt,102295
A01853,ok,/Users/grace/Desktop/new meta/tcp_drama/A01853.xml,/Users/grace/Desktop/new meta/<l><p>extract/A01853.txt,95736
A20053,ok,/Users/grace/Desktop/new meta/tcp_drama/A20053.xml,/Users/grace/Desktop/new meta/<l><p>extract/A20053.txt,24896
A01055,ok,/Users/grace/Desktop/new meta/tcp_drama/A01055.xml,/Users/grace/Desktop/new meta/<l><p>extract/A01055.txt,103395
B01146,ok,/Users/grace/Desktop/new meta/tcp_drama/B01146.xml,/Users/grace/Desktop/new meta/<l><p>extract/B01146.txt,19763
A19881,ok,/Users/grace/Desktop/new meta/tcp_drama/A19881.xml,/Users/grace/Desktop/new meta/<l><p>extract/A19881.txt,112692
A17968,ok,/Users/grace/Desktop/new meta/tcp_drama/A17968.xml,/Users/grace/Desktop/new meta/<l><p>extract/A17968.txt,136892
A12155,ok,/Users/grace/Desktop/new meta/tcp_drama/A12155.xml,/Users/grace/Desktop/new meta/<l><p>extract/A12155.txt,101266
A01424,ok,/Users/grace/Desktop/new meta/tcp_drama/A01424.xml,/Users/grace/Desktop/new meta/<l><p>extract/A01424.txt,26412
A01425,ok,/Users/grace/Desktop/new meta/tcp_drama/A01425.xml,/Users/grace/Desktop/new meta/<l><p>extract/A01425.txt,34443
A19876,ok,/Users/grace/Desktop/new meta/tcp_drama/A19876.xml,/Users/grace/Desktop/new meta/<l><p>extract/A19876.txt,97491
A19877,ok,/Users/grace/Desktop/new meta/tcp_drama/A19877.xml,/Users/grace/Desktop/new meta/<l><p>extract/A19877.txt,89878
A12138,ok,/Users/grace/Desktop/new meta/tcp_drama/A12138.xml,/Users/grace/Desktop/new meta/<l><p>extract/A12138.txt,112997
A07246,ok,/Users/grace/Desktop/new meta/tcp_drama/A07246.xml,/Users/grace/Desktop/new meta/<l><p>extract/A07246.txt,110720
A07493,ok,/Users/grace/Desktop/new meta/tcp_drama/A07493.xml,/Users/grace/Desktop/new meta/<l><p>extract/A07493.txt,89642
A20065,ok,/Users/grace/Desktop/new meta/tcp_drama/A20065.xml,/Users/grace/Desktop/new meta/<l><p>extract/A20065.txt,121934
A04655,ok,/Users/grace/Desktop/new meta/tcp_drama/A04655.xml,/Users/grace/Desktop/new meta/<l><p>extract/A04655.txt,7814
A18596,ok,/Users/grace/Desktop/new meta/tcp_drama/A18596.xml,/Users/grace/Desktop/new meta/<l><p>extract/A18596.txt,107022
A18331,ok,/Users/grace/Desktop/new meta/tcp_drama/A18331.xml,/Users/grace/Desktop/new meta/<l><p>extract/A18331.txt,544665
A20088,ok,/Users/grace/Desktop/new meta/tcp_drama/A20088.xml,/Users/grace/Desktop/new meta/<l><p>extract/A20088.txt,94166
A12152,ok,/Users/grace/Desktop/new meta/tcp_drama/A12152.xml,/Users/grace/Desktop/new meta/<l><p>extract/A12152.txt,116177
A04658,ok,/Users/grace/Desktop/new meta/tcp_drama/A04658.xml,/Users/grace/Desktop/new meta/<l><p>extract/A04658.txt,131152
A00979,ok,/Users/grace/Desktop/new meta/tcp_drama/A00979.xml,/Users/grace/Desktop/new meta/<l><p>extract/A00979.txt,114736
A18425,ok,/Users/grace/Desktop/new meta/tcp_drama/A18425.xml,/Users/grace/Desktop/new meta/<l><p>extract/A18425.txt,94900
A18424,ok,/Users/grace/Desktop/new meta/tcp_drama/A18424.xml,/Users/grace/Desktop/new meta/<l><p>extract/A18424.txt,94471
A01839,ok,/Users/grace/Desktop/new meta/tcp_drama/A01839.xml,/Users/grace/Desktop/new meta/<l><p>extract/A01839.txt,144770
A03234,ok,/Users/grace/Desktop/new meta/tcp_drama/A03234.xml,/Users/grace/Desktop/new meta/<l><p>extract/A03234.txt,22445
A04896,ok,/Users/grace/Desktop/new meta/tcp_drama/A04896.xml,/Users/grace/Desktop/new meta/<l><p>extract/A04896.txt,82494
A07329,ok,/Users/grace/Desktop/new meta/tcp_drama/A07329.xml,/Users/grace/Desktop/new meta/<l><p>extract/A07329.txt,69624
A20866,ok,/Users/grace/Desktop/new meta/tcp_drama/A20866.xml,/Users/grace/Desktop/new meta/<l><p>extract/A20866.txt,89393
A04644,ok,/Users/grace/Desktop/new meta/tcp_drama/A04644.xml,/Users/grace/Desktop/new meta/<l><p>extract/A04644.txt,12311
A13846,ok,/Users/grace/Desktop/new meta/tcp_drama/A13846.xml,/Users/grace/Desktop/new meta/<l><p>extract/A13846.txt,17941
A13848,ok,/Users/grace/Desktop/new meta/tcp_drama/A13848.xml,/Users/grace/Desktop/new meta/<l><p>extract/A13848.txt,17979
A01836,ok,/Users/grace/Desktop/new meta/tcp_drama/A01836.xml,/Users/grace/Desktop/new meta/<l><p>extract/A01836.txt,87370
A07238,ok,/Users/grace/Desktop/new meta/tcp_drama/A07238.xml,/Users/grace/Desktop/new meta/<l><p>extract/A07238.txt,113859
A11153,ok,/Users/grace/Desktop/new meta/tcp_drama/A11153.xml,/Users/grace/Desktop/new meta/<l><p>extract/A11153.txt,116718
A07025,ok,/Users/grace/Desktop/new meta/tcp_drama/A07025.xml,/Users/grace/Desktop/new meta/<l><p>extract/A07025.txt,109796
A12129,ok,/Users/grace/Desktop/new meta/tcp_drama/A12129.xml,/Users/grace/Desktop/new meta/<l><p>extract/A12129.txt,103777
A16924,ok,/Users/grace/Desktop/new meta/tcp_drama/A16924.xml,/Users/grace/Desktop/new meta/<l><p>extract/A16924.txt,149292
A07251,ok,/Users/grace/Desktop/new meta/tcp_drama/A07251.xml,/Users/grace/Desktop/new meta/<l><p>extract/A07251.txt,113923
A72254,ok,/Users/grace/Desktop/new meta/tcp_drama/A72254.xml,/Users/grace/Desktop/new meta/<l><p>extract/A72254.txt,181797
A03228,ok,/Users/grace/Desktop/new meta/tcp_drama/A03228.xml,/Users/grace/Desktop/new meta/<l><p>extract/A03228.txt,24682
A10407,ok,/Users/grace/Desktop/new meta/tcp_drama/A10407.xml,/Users/grace/Desktop/new meta/<l><p>extract/A10407.txt,140050
A07240,ok,/Users/grace/Desktop/new meta/tcp_drama/A07240.xml,/Users/grace/Desktop/new meta/<l><p>extract/A07240.txt,104824
A11155,ok,/Users/grace/Desktop/new meta/tcp_drama/A11155.xml,/Users/grace/Desktop/new meta/<l><p>extract/A11155.txt,89054
A12131,ok,/Users/grace/Desktop/new meta/tcp_drama/A12131.xml,/Users/grace/Desktop/new meta/<l><p>extract/A12131.txt,31620
A07241,ok,/Users/grace/Desktop/new meta/tcp_drama/A07241.xml,/Users/grace/Desktop/new meta/<l><p>extract/A07241.txt,109187
A06991,ok,/Users/grace/Desktop/new meta/tcp_drama/A06991.xml,/Users/grace/Desktop/new meta/<l><p>extract/A06991.txt,99949
A11151,ok,/Users/grace/Desktop/new meta/tcp_drama/A11151.xml,/Users/grace/Desktop/new meta/<l><p>extract/A11151.txt,99924
A12157,ok,/Users/grace/Desktop/new meta/tcp_drama/A12157.xml,/Users/grace/Desktop/new meta/<l><p>extract/A12157.txt,91044
A01056,ok,/Users/grace/Desktop/new meta/tcp_drama/A01056.xml,/Users/grace/Desktop/new meta/<l><p>extract/A01056.txt,112430
A12128,ok,/Users/grace/Desktop/new meta/tcp_drama/A12128.xml,/Users/grace/Desktop/new meta/<l><p>extract/A12128.txt,102152
A01046,ok,/Users/grace/Desktop/new meta/tcp_drama/A01046.xml,/Users/grace/Desktop/new meta/<l><p>extract/A01046.txt,109321
A07024,ok,/Users/grace/Desktop/new meta/tcp_drama/A07024.xml,/Users/grace/Desktop/new meta/<l><p>extract/A07024.txt,120952
A00760,ok,/Users/grace/Desktop/new meta/tcp_drama/A00760.xml,/Users/grace/Desktop/new meta/<l><p>extract/A00760.txt,97112
A03229,ok,/Users/grace/Desktop/new meta/tcp_drama/A03229.xml,/Users/grace/Desktop/new meta/<l><p>extract/A03229.txt,24511
A03195,ok,/Users/grace/Desktop/new meta/tcp_drama/A03195.xml,/Users/grace/Desktop/new meta/<l><p>extract/A03195.txt,116524
A01840,ok,/Users/grace/Desktop/new meta/tcp_drama/A01840.xml,/Users/grace/Desktop/new meta/<l><p>extract/A01840.txt,102919
A18463,ok,/Users/grace/Desktop/new meta/tcp_drama/A18463.xml,/Users/grace/Desktop/new meta/<l><p>extract/A18463.txt,39338
B07101,ok,/Users/grace/Desktop/new meta/tcp_drama/B07101.xml,/Users/grace/Desktop/new meta/<l><p>extract/B07101.txt,33351
A11145,ok,/Users/grace/Desktop/new meta/tcp_drama/A11145.xml,/Users/grace/Desktop/new meta/<l><p>extract/A11145.txt,75195
A00969,ok,/Users/grace/Desktop/new meta/tcp_drama/A00969.xml,/Users/grace/Desktop/new meta/<l><p>extract/A00969.txt,125644
A03240,ok,/Users/grace/Desktop/new meta/tcp_drama/A03240.xml,/Users/grace/Desktop/new meta/<l><p>extract/A03240.txt,73180
A03258,ok,/Users/grace/Desktop/new meta/tcp_drama/A03258.xml,/Users/grace/Desktop/new meta/<l><p>extract/A03258.txt,111762
A73300,ok,/Users/grace/Desktop/new meta/tcp_drama/A73300.xml,/Users/grace/Desktop/new meta/<l><p>extract/A73300.txt,24686
A73704,ok,/Users/grace/Desktop/new meta/tcp_drama/A73704.xml,/Users/grace/Desktop/new meta/<l><p>extract/A73704.txt,54605
A12154,ok,/Users/grace/Desktop/new meta/tcp_drama/A12154.xml,/Users/grace/Desktop/new meta/<l><p>extract/A12154.txt,104444
A11205,ok,/Users/grace/Desktop/new meta/tcp_drama/A11205.xml,/Users/grace/Desktop/new meta/<l><p>extract/A11205.txt,107995
A04604,ok,/Users/grace/Desktop/new meta/tcp_drama/A04604.xml,/Users/grace/Desktop/new meta/<l><p>extract/A04604.txt,133328
A19882,ok,/Users/grace/Desktop/new meta/tcp_drama/A19882.xml,/Users/grace/Desktop/new meta/<l><p>extract/A19882.txt,15380
A07239,ok,/Users/grace/Desktop/new meta/tcp_drama/A07239.xml,/Users/grace/Desktop/new meta/<l><p>extract/A07239.txt,100827
A20093,ok,/Users/grace/Desktop/new meta/tcp_drama/A20093.xml,/Users/grace/Desktop/new meta/<l><p>extract/A20093.txt,80208
A03190,ok,/Users/grace/Desktop/new meta/tcp_drama/A03190.xml,/Users/grace/Desktop/new meta/<l><p>extract/A03190.txt,96822
A11435,ok,/Users/grace/Desktop/new meta/tcp_drama/A11435.xml,/Users/grace/Desktop/new meta/<l><p>extract/A11435.txt,100260
A17342,ok,/Users/grace/Desktop/new meta/tcp_drama/A17342.xml,/Users/grace/Desktop/new meta/<l><p>extract/A17342.txt,9733
A17344,ok,/Users/grace/Desktop/new meta/tcp_drama/A17344.xml,/Users/grace/Desktop/new meta/<l><p>extract/A17344.txt,9785
A07974,ok,/Users/grace/Desktop/new meta/tcp_drama/A07974.xml,/Users/grace/Desktop/new meta/<l><p>extract/A07974.txt,92599
A07975,ok,/Users/grace/Desktop/new meta/tcp_drama/A07975.xml,/Users/grace/Desktop/new meta/<l><p>extract/A07975.txt,61296
A00960,ok,/Users/grace/Desktop/new meta/tcp_drama/A00960.xml,/Users/grace/Desktop/new meta/<l><p>extract/A00960.txt,103221
A03248,ok,/Users/grace/Desktop/new meta/tcp_drama/A03248.xml,/Users/grace/Desktop/new meta/<l><p>extract/A03248.txt,103989
A12140,ok,/Users/grace/Desktop/new meta/tcp_drama/A12140.xml,/Users/grace/Desktop/new meta/<l><p>extract/A12140.txt,85759
A12142,ok,/Users/grace/Desktop/new meta/tcp_drama/A12142.xml,/Users/grace/Desktop/new meta/<l><p>extract/A12142.txt,110408
A12158,ok,/Users/grace/Desktop/new meta/tcp_drama/A12158.xml,/Users/grace/Desktop/new meta/<l><p>extract/A12158.txt,97824
A14599,ok,/Users/grace/Desktop/new meta/tcp_drama/A14599.xml,/Users/grace/Desktop/new meta/<l><p>extract/A14599.txt,86847
A12136,ok,/Users/grace/Desktop/new meta/tcp_drama/A12136.xml,/Users/grace/Desktop/new meta/<l><p>extract/A12136.txt,96314
A03230,ok,/Users/grace/Desktop/new meta/tcp_drama/A03230.xml,/Users/grace/Desktop/new meta/<l><p>extract/A03230.txt,23249
A12137,ok,/Users/grace/Desktop/new meta/tcp_drama/A12137.xml,/Users/grace/Desktop/new meta/<l><p>extract/A12137.txt,104228
A07555,ok,/Users/grace/Desktop/new meta/tcp_drama/A07555.xml,/Users/grace/Desktop/new meta/<l><p>extract/A07555.txt,43642
A19346,ok,/Users/grace/Desktop/new meta/tcp_drama/A19346.xml,/Users/grace/Desktop/new meta/<l><p>extract/A19346.txt,75550
A04599,ok,/Users/grace/Desktop/new meta/tcp_drama/A04599.xml,/Users/grace/Desktop/new meta/<l><p>extract/A04599.txt,28839
A06453,ok,/Users/grace/Desktop/new meta/tcp_drama/A06453.xml,/Users/grace/Desktop/new meta/<l><p>extract/A06453.txt,20966
A11152,ok,/Users/grace/Desktop/new meta/tcp_drama/A11152.xml,/Users/grace/Desktop/new meta/<l><p>extract/A11152.txt,111402
A01049,ok,/Users/grace/Desktop/new meta/tcp_drama/A01049.xml,/Users/grace/Desktop/new meta/<l><p>extract/A01049.txt,100628
A08731,ok,/Users/grace/Desktop/new meta/tcp_drama/A08731.xml,/Users/grace/Desktop/new meta/<l><p>extract/A08731.txt,112744
A03255,ok,/Users/grace/Desktop/new meta/tcp_drama/A03255.xml,/Users/grace/Desktop/new meta/<l><p>extract/A03255.txt,93472
A04824,ok,/Users/grace/Desktop/new meta/tcp_drama/A04824.xml,/Users/grace/Desktop/new meta/<l><p>extract/A04824.txt,168771
A12150,ok,/Users/grace/Desktop/new meta/tcp_drama/A12150.xml,/Users/grace/Desktop/new meta/<l><p>extract/A12150.txt,103145
A19479,ok,/Users/grace/Desktop/new meta/tcp_drama/A19479.xml,/Users/grace/Desktop/new meta/<l><p>extract/A19479.txt,110743
A07978,ok,/Users/grace/Desktop/new meta/tcp_drama/A07978.xml,/Users/grace/Desktop/new meta/<l><p>extract/A07978.txt,94412
A13125,ok,/Users/grace/Desktop/new meta/tcp_drama/A13125.xml,/Users/grace/Desktop/new meta/<l><p>extract/A13125.txt,104943
A07971,ok,/Users/grace/Desktop/new meta/tcp_drama/A07971.xml,/Users/grace/Desktop/new meta/<l><p>extract/A07971.txt,97907
A04874,ok,/Users/grace/Desktop/new meta/tcp_drama/A04874.xml,/Users/grace/Desktop/new meta/<l><p>extract/A04874.txt,117568
A03242,ok,/Users/grace/Desktop/new meta/tcp_drama/A03242.xml,/Users/grace/Desktop/new meta/<l><p>extract/A03242.txt,21624
A18427,ok,/Users/grace/Desktop/new meta/tcp_drama/A18427.xml,/Users/grace/Desktop/new meta/<l><p>extract/A18427.txt,92990
B12027,ok,/Users/grace/Desktop/new meta/tcp_drama/B12027.xml,/Users/grace/Desktop/new meta/<l><p>extract/B12027.txt,103159
A07330,ok,/Users/grace/Desktop/new meta/tcp_drama/A07330.xml,/Users/grace/Desktop/new meta/<l><p>extract/A07330.txt,83294
A01052,ok,/Users/grace/Desktop/new meta/tcp_drama/A01052.xml,/Users/grace/Desktop/new meta/<l><p>extract/A01052.txt,96683
A15873,ok,/Users/grace/Desktop/new meta/tcp_drama/A15873.xml,/Users/grace/Desktop/new meta/<l><p>extract/A15873.txt,88327
B13574,ok,/Users/grace/Desktop/new meta/tcp_drama/B13574.xml,/Users/grace/Desktop/new meta/<l><p>extract/B13574.txt,111626
A07248,ok,/Users/grace/Desktop/new meta/tcp_drama/A07248.xml,/Users/grace/Desktop/new meta/<l><p>extract/A07248.txt,101552
A01253,ok,/Users/grace/Desktop/new meta/tcp_drama/A01253.xml,/Users/grace/Desktop/new meta/<l><p>extract/A01253.txt,81975
A19888,ok,/Users/grace/Desktop/new meta/tcp_drama/A19888.xml,/Users/grace/Desktop/new meta/<l><p>extract/A19888.txt,109487
A12145,ok,/Users/grace/Desktop/new meta/tcp_drama/A12145.xml,/Users/grace/Desktop/new meta/<l><p>extract/A12145.txt,94206
A01777,ok,/Users/grace/Desktop/new meta/tcp_drama/A01777.xml,/Users/grace/Desktop/new meta/<l><p>extract/A01777.txt,64016
A00958,ok,/Users/grace/Desktop/new meta/tcp_drama/A00958.xml,/Users/grace/Desktop/new meta/<l><p>extract/A00958.txt,103571
A00959,ok,/Users/grace/Desktop/new meta/tcp_drama/A00959.xml,/Users/grace/Desktop/new meta/<l><p>extract/A00959.txt,103395
A03233,ok,/Users/grace/Desktop/new meta/tcp_drama/A03233.xml,/Users/grace/Desktop/new meta/<l><p>extract/A03233.txt,29953
A19755,ok,/Users/grace/Desktop/new meta/tcp_drama/A19755.xml,/Users/grace/Desktop/new meta/<l><p>extract/A19755.txt,77416
A07367,ok,/Users/grace/Desktop/new meta/tcp_drama/A07367.xml,/Users/grace/Desktop/new meta/<l><p>extract/A07367.txt,109395
A06402,ok,/Users/grace/Desktop/new meta/tcp_drama/A06402.xml,/Users/grace/Desktop/new meta/<l><p>extract/A06402.txt,126446
A18083,ok,/Users/grace/Desktop/new meta/tcp_drama/A18083.xml,/Users/grace/Desktop/new meta/<l><p>extract/A18083.txt,76690
A19880,ok,/Users/grace/Desktop/new meta/tcp_drama/A19880.xml,/Users/grace/Desktop/new meta/<l><p>extract/A19880.txt,24687
A12133,ok,/Users/grace/Desktop/new meta/tcp_drama/A12133.xml,/Users/grace/Desktop/new meta/<l><p>extract/A12133.txt,89329
A12143,ok,/Users/grace/Desktop/new meta/tcp_drama/A12143.xml,/Users/grace/Desktop/new meta/<l><p>extract/A12143.txt,87209
A00966,ok,/Users/grace/Desktop/new meta/tcp_drama/A00966.xml,/Users/grace/Desktop/new meta/<l><p>extract/A00966.txt,104405
A12148,ok,/Users/grace/Desktop/new meta/tcp_drama/A12148.xml,/Users/grace/Desktop/new meta/<l><p>extract/A12148.txt,96984
A07970,ok,/Users/grace/Desktop/new meta/tcp_drama/A07970.xml,/Users/grace/Desktop/new meta/<l><p>extract/A07970.txt,85263
A12141,ok,/Users/grace/Desktop/new meta/tcp_drama/A12141.xml,/Users/grace/Desktop/new meta/<l><p>extract/A12141.txt,86958
A68655,ok,/Users/grace/Desktop/new meta/tcp_drama/A68655.xml,/Users/grace/Desktop/new meta/<l><p>extract/A68655.txt,97831
A19750,ok,/Users/grace/Desktop/new meta/tcp_drama/A19750.xml,/Users/grace/Desktop/new meta/<l><p>extract/A19750.txt,123603
A07979,ok,/Users/grace/Desktop/new meta/tcp_drama/A07979.xml,/Users/grace/Desktop/new meta/<l><p>extract/A07979.txt,77753
A10495,ok,/Users/grace/Desktop/new meta/tcp_drama/A10495.xml,/Users/grace/Desktop/new meta/<l><p>extract/A10495.txt,98758
A12149,ok,/Users/grace/Desktop/new meta/tcp_drama/A12149.xml,/Users/grace/Desktop/new meta/<l><p>extract/A12149.txt,92460
A01989,ok,/Users/grace/Desktop/new meta/tcp_drama/A01989.xml,/Users/grace/Desktop/new meta/<l><p>extract/A01989.txt,120572
A16923,ok,/Users/grace/Desktop/new meta/tcp_drama/A16923.xml,/Users/grace/Desktop/new meta/<l><p>extract/A16923.txt,123093
A01775,ok,/Users/grace/Desktop/new meta/tcp_drama/A01775.xml,/Users/grace/Desktop/new meta/<l><p>extract/A01775.txt,87123
A01779,ok,/Users/grace/Desktop/new meta/tcp_drama/A01779.xml,/Users/grace/Desktop/new meta/<l><p>extract/A01779.txt,86891
A12130,ok,/Users/grace/Desktop/new meta/tcp_drama/A12130.xml,/Users/grace/Desktop/new meta/<l><p>extract/A12130.txt,84598
A12151,ok,/Users/grace/Desktop/new meta/tcp_drama/A12151.xml,/Users/grace/Desktop/new meta/<l><p>extract/A12151.txt,89866
A01773,ok,/Users/grace/Desktop/new meta/tcp_drama/A01773.xml,/Users/grace/Desktop/new meta/<l><p>extract/A01773.txt,110320
A19347,ok,/Users/grace/Desktop/new meta/tcp_drama/A19347.xml,/Users/grace/Desktop/new meta/<l><p>extract/A19347.txt,62897
A00967,ok,/Users/grace/Desktop/new meta/tcp_drama/A00967.xml,/Users/grace/Desktop/new meta/<l><p>extract/A00967.txt,96131
A02629,ok,/Users/grace/Desktop/new meta/tcp_drama/A02629.xml,/Users/grace/Desktop/new meta/<l><p>extract/A02629.txt,118317
A09214,ok,/Users/grace/Desktop/new meta/tcp_drama/A09214.xml,/Users/grace/Desktop/new meta/<l><p>extract/A09214.txt,131242
A10440.1,ok,/Users/grace/Desktop/new meta/after seperation/A10440/A10440.1.xml,/Users/grace/Desktop/new meta/<l><p>extract/A10440.1.txt,18619
A10440.2,ok,/Users/grace/Desktop/new meta/after seperation/A10440/A10440.2.xml,/Users/grace/Desktop/new meta/<l><p>extract/A10440.2.txt,28051
A07395.1,ok,/Users/grace/Desktop/new meta/after seperation/A07395/A07395.1.xml,/Users/grace/Desktop/new meta/<l><p>extract/A07395.1.txt,53147
A07395.2,ok,/Users/grace/Desktop/new meta/after seperation/A07395/A07395.2.xml,/Users/grace/Desktop/new meta/<l><p>extract/A07395.2.txt,40313
A03571.1,ok,/Users/grace/Desktop/new meta/after seperation/A03571.1.xml,/Users/grace/Desktop/new meta/<l><p>extract/A03571.1.txt,7007
A01513.1,ok,/Users/grace/Desktop/new meta/after seperation/A01513/A01513.1.xml,/Users/grace/Desktop/new meta/<l><p>extract/A01513.1.txt,94363
A01513.2,ok,/Users/grace/Desktop/new meta/after seperation/A01513/A01513.2.xml,/Users/grace/Desktop/new meta/<l><p>extract/A01513.2.txt,401220
A01513.3,ok,/Users/grace/Desktop/new meta/after seperation/A01513/A01513.3.xml,/Users/grace/Desktop/new meta/<l><p>extract/A01513.3.txt,89327
A01514.1,ok,/Users/grace/Desktop/new meta/after seperation/A01514/A01514.1.xml,/Users/grace/Desktop/new meta/<l><p>extract/A01514.1.txt,282945
A01514.2,ok,/Users/grace/Desktop/new meta/after seperation/A01514/A01514.2.xml,/Users/grace/Desktop/new meta/<l><p>extract/A01514.2.txt,95155
A01514.3,ok,/Users/grace/Desktop/new meta/after seperation/A01514/A01514.3.xml,/Users/grace/Desktop/new meta/<l><p>extract/A01514.3.txt,194868
A15045.1,ok,/Users/grace/Desktop/new meta/after seperation/A15045/A15045.1.xml,/Users/grace/Desktop/new meta/<l><p>extract/A15045.1.txt,64802
A15045.2,ok,/Users/grace/Desktop/new meta/after seperation/A15045/A15045.2.xml,/Users/grace/Desktop/new meta/<l><p>extract/A15045.2.txt,52645
A11909.1,ok,/Users/grace/Desktop/new meta/after seperation/A11909/A11909.1.xml,/Users/grace/Desktop/new meta/<l><p>extract/A11909.1.txt,82050
A11909.2,ok,/Users/grace/Desktop/new meta/after seperation/A11909/A11909.2.xml,/Users/grace/Desktop/new meta/<l><p>extract/A11909.2.txt,67904
A11909.3,ok,/Users/grace/Desktop/new meta/after seperation/A11909/A11909.3.xml,/Users/grace/Desktop/new meta/<l><p>extract/A11909.3.txt,66184
A11909.4,ok,/Users/grace/Desktop/new meta/after seperation/A11909/A11909.4.xml,/Users/grace/Desktop/new meta/<l><p>extract/A11909.4.txt,87839
A11909.5,ok,/Users/grace/Desktop/new meta/after seperation/A11909/A11909.5.xml,/Users/grace/Desktop/new meta/<l><p>extract/A11909.5.txt,78151
A11909.6,ok,/Users/grace/Desktop/new meta/after seperation/A11909/A11909.6.xml,/Users/grace/Desktop/new meta/<l><p>extract/A11909.6.txt,83348
A11909.7,ok,/Users/grace/Desktop/new meta/after seperation/A11909/A11909.7.xml,/Users/grace/Desktop/new meta/<l><p>extract/A11909.7.txt,86756
A11909.8,ok,/Users/grace/Desktop/new meta/after seperation/A11909/A11909.8.xml,/Users/grace/Desktop/new meta/<l><p>extract/A11909.8.txt,78663
A11909.9,ok,/Users/grace/Desktop/new meta/after seperation/A11909/A11909.9.xml,/Users/grace/Desktop/new meta/<l><p>extract/A11909.9.txt,67393
A07004.1,ok,/Users/grace/Desktop/new meta/after seperation/A07004/A07004.1.xml,/Users/grace/Desktop/new meta/<l><p>extract/A07004.1.txt,99149
A07004.2,ok,/Users/grace/Desktop/new meta/after seperation/A07004/A07004.2.xml,/Users/grace/Desktop/new meta/<l><p>extract/A07004.2.txt,98076
A01227.1,ok,/Users/grace/Desktop/new meta/after seperation/A01227.1.xml,/Users/grace/Desktop/new meta/<l><p>extract/A01227.1.txt,157743
A68278.1,ok,/Users/grace/Desktop/new meta/after seperation/A68278/A68278.1.xml,/Users/grace/Desktop/new meta/<l><p>extract/A68278.1.txt,74442
A68278.2,extracted_empty,/Users/grace/Desktop/new meta/after seperation/A68278/A68278.2.xml,/Users/grace/Desktop/new meta/<l><p>extract/A68278.2.txt,0
A04520.1,ok,/Users/grace/Desktop/new meta/after seperation/A04520/A04520.1.xml,/Users/grace/Desktop/new meta/<l><p>extract/A04520.1.txt,77395
A04520.2,ok,/Users/grace/Desktop/new meta/after seperation/A04520/A04520.2.xml,/Users/grace/Desktop/new meta/<l><p>extract/A04520.2.txt,52517
A21246.1,ok,/Users/grace/Desktop/new meta/after seperation/A21246/A21246.1.xml,/Users/grace/Desktop/new meta/<l><p>extract/A21246.1.txt,15516
A21246.2,ok,/Users/grace/Desktop/new meta/after seperation/A21246/A21246.2.xml,/Users/grace/Desktop/new meta/<l><p>extract/A21246.2.txt,7222
A21246.3,ok,/Users/grace/Desktop/new meta/after seperation/A21246/A21246.3.xml,/Users/grace/Desktop/new meta/<l><p>extract/A21246.3.txt,9852
A19816.1,ok,/Users/grace/Desktop/new meta/after seperation/A19816.1.xml,/Users/grace/Desktop/new meta/<l><p>extract/A19816.1.txt,79553
A19834.1,ok,/Users/grace/Desktop/new meta/after seperation/A19834.1.xml,/Users/grace/Desktop/new meta/<l><p>extract/A19834.1.txt,72370
A03224.1,ok,/Users/grace/Desktop/new meta/after seperation/A03224/A03224.1.xml,/Users/grace/Desktop/new meta/<l><p>extract/A03224.1.txt,119470
A03224.2,ok,/Users/grace/Desktop/new meta/after seperation/A03224/A03224.2.xml,/Users/grace/Desktop/new meta/<l><p>extract/A03224.2.txt,129232
A04637.1,ok,/Users/grace/Desktop/new meta/after seperation/A04637/A04637.1.xml,/Users/grace/Desktop/new meta/<l><p>extract/A04637.1.txt,50206
A04637.2,ok,/Users/grace/Desktop/new meta/after seperation/A04637/A04637.2.xml,/Users/grace/Desktop/new meta/<l><p>extract/A04637.2.txt,12307
A16527.1,ok,/Users/grace/Desktop/new meta/after seperation/A16527/A16527.1.xml,/Users/grace/Desktop/new meta/<l><p>extract/A16527.1.txt,156867
A16527.2,ok,/Users/grace/Desktop/new meta/after seperation/A16527/A16527.2.xml,/Users/grace/Desktop/new meta/<l><p>extract/A16527.2.txt,156867
A16527.3,ok,/Users/grace/Desktop/new meta/after seperation/A16527/A16527.3.xml,/Users/grace/Desktop/new meta/<l><p>extract/A16527.3.txt,143688
A04643.1,ok,/Users/grace/Desktop/new meta/after seperation/A04643/A04643.1.xml,/Users/grace/Desktop/new meta/<l><p>extract/A04643.1.txt,19304
A04643.2,ok,/Users/grace/Desktop/new meta/after seperation/A04643/A04643.2.xml,/Users/grace/Desktop/new meta/<l><p>extract/A04643.2.txt,24023
A04643.3,extracted_empty,/Users/grace/Desktop/new meta/after seperation/A04643/A04643.3.xml,/Users/grace/Desktop/new meta/<l><p>extract/A04643.3.txt,0
A18404.1,ok,/Users/grace/Desktop/new meta/after seperation/A18404/A18404.1.xml,/Users/grace/Desktop/new meta/<l><p>extract/A18404.1.txt,92161
A18404.2,ok,/Users/grace/Desktop/new meta/after seperation/A18404/A18404.2.xml,/Users/grace/Desktop/new meta/<l><p>extract/A18404.2.txt,102028
A03022.1,ok,/Users/grace/Desktop/new meta/after seperation/A03022.1.xml,/Users/grace/Desktop/new meta/<l><p>extract/A03022.1.txt,22941
A17879.1,ok,/Users/grace/Desktop/new meta/after seperation/A17879/A17879.1.xml,/Users/grace/Desktop/new meta/<l><p>extract/A17879.1.txt,19093
A17879.2,ok,/Users/grace/Desktop/new meta/after seperation/A17879/A17879.2.xml,/Users/grace/Desktop/new meta/<l><p>extract/A17879.2.txt,19909
A04632.1,ok,/Users/grace/Desktop/new meta/after seperation/A04632/A04632.1.xml,/Users/grace/Desktop/new meta/<l><p>extract/A04632.1.txt,142234
A04632.2,ok,/Users/grace/Desktop/new meta/after seperation/A04632/A04632.2.xml,/Users/grace/Desktop/new meta/<l><p>extract/A04632.2.txt,201302
A04632.3,ok,/Users/grace/Desktop/new meta/after seperation/A04632/A04632.3.xml,/Users/grace/Desktop/new meta/<l><p>extract/A04632.3.txt,190959
A04632.4,ok,/Users/grace/Desktop/new meta/after seperation/A04632/A04632.4.xml,/Users/grace/Desktop/new meta/<l><p>extract/A04632.4.txt,159599
A04632.5,ok,/Users/grace/Desktop/new meta/after seperation/A04632/A04632.5.xml,/Users/grace/Desktop/new meta/<l><p>extract/A04632.5.txt,149597
A04632.6,ok,/Users/grace/Desktop/new meta/after seperation/A04632/A04632.6.xml,/Users/grace/Desktop/new meta/<l><p>extract/A04632.6.txt,154083
A04632.7,ok,/Users/grace/Desktop/new meta/after seperation/A04632/A04632.7.xml,/Users/grace/Desktop/new meta/<l><p>extract/A04632.7.txt,155445
A04632.8,ok,/Users/grace/Desktop/new meta/after seperation/A04632/A04632.8.xml,/Users/grace/Desktop/new meta/<l><p>extract/A04632.8.txt,111204
A04632.9,ok,/Users/grace/Desktop/new meta/after seperation/A04632/A04632.9.xml,/Users/grace/Desktop/new meta/<l><p>extract/A04632.9.txt,104857
A04632.10,ok,/Users/grace/Desktop/new meta/after seperation/A04632/A04632.10.xml,/Users/grace/Desktop/new meta/<l><p>extract/A04632.10.txt,30744
A04632.11,ok,/Users/grace/Desktop/new meta/after seperation/A04632/A04632.11.xml,/Users/grace/Desktop/new meta/<l><p>extract/A04632.11.txt,9678
A04632.12,ok,/Users/grace/Desktop/new meta/after seperation/A04632/A04632.12.xml,/Users/grace/Desktop/new meta/<l><p>extract/A04632.12.txt,11543
A04632.13,ok,/Users/grace/Desktop/new meta/after seperation/A04632/A04632.13.xml,/Users/grace/Desktop/new meta/<l><p>extract/A04632.13.txt,2454
A04632.14,ok,/Users/grace/Desktop/new meta/after seperation/A04632/A04632.14.xml,/Users/grace/Desktop/new meta/<l><p>extract/A04632.14.txt,2646
A04632.15,ok,/Users/grace/Desktop/new meta/after seperation/A04632/A04632.15.xml,/Users/grace/Desktop/new meta/<l><p>extract/A04632.15.txt,8698
A04632.16,ok,/Users/grace/Desktop/new meta/after seperation/A04632/A04632.16.xml,/Users/grace/Desktop/new meta/<l><p>extract/A04632.16.txt,12816
A04632.17,ok,/Users/grace/Desktop/new meta/after seperation/A04632/A04632.17.xml,/Users/grace/Desktop/new meta/<l><p>extract/A04632.17.txt,29392
A04632.18,ok,/Users/grace/Desktop/new meta/after seperation/A04632/A04632.18.xml,/Users/grace/Desktop/new meta/<l><p>extract/A04632.18.txt,16863
A04632.19,ok,/Users/grace/Desktop/new meta/after seperation/A04632/A04632.19.xml,/Users/grace/Desktop/new meta/<l><p>extract/A04632.19.txt,37090
A04632.20,ok,/Users/grace/Desktop/new meta/after seperation/A04632/A04632.20.xml,/Users/grace/Desktop/new meta/<l><p>extract/A04632.20.txt,1473
A04632.21,ok,/Users/grace/Desktop/new meta/after seperation/A04632/A04632.21.xml,/Users/grace/Desktop/new meta/<l><p>extract/A04632.21.txt,135
A04632.22,ok,/Users/grace/Desktop/new meta/after seperation/A04632/A04632.22.xml,/Users/grace/Desktop/new meta/<l><p>extract/A04632.22.txt,84
A04632.23,ok,/Users/grace/Desktop/new meta/after seperation/A04632/A04632.23.xml,/Users/grace/Desktop/new meta/<l><p>extract/A04632.23.txt,84
A04632.24,ok,/Users/grace/Desktop/new meta/after seperation/A04632/A04632.24.xml,/Users/grace/Desktop/new meta/<l><p>extract/A04632.24.txt,4034
A04632.25,extracted_empty,/Users/grace/Desktop/new meta/after seperation/A04632/A04632.25.xml,/Users/grace/Desktop/new meta/<l><p>extract/A04632.25.txt,0
A04632.26,ok,/Users/grace/Desktop/new meta/after seperation/A04632/A04632.26.xml,/Users/grace/Desktop/new meta/<l><p>extract/A04632.26.txt,11668
A04632.27,ok,/Users/grace/Desktop/new meta/after seperation/A04632/A04632.27.xml,/Users/grace/Desktop/new meta/<l><p>extract/A04632.27.txt,7330
A07502.1,ok,/Users/grace/Desktop/new meta/after seperation/A07502/A07502.1.xml,/Users/grace/Desktop/new meta/<l><p>extract/A07502.1.txt,4055
A07502.2,ok,/Users/grace/Desktop/new meta/after seperation/A07502/A07502.2.xml,/Users/grace/Desktop/new meta/<l><p>extract/A07502.2.txt,4916
A07502.3,ok,/Users/grace/Desktop/new meta/after seperation/A07502/A07502.3.xml,/Users/grace/Desktop/new meta/<l><p>extract/A07502.3.txt,2317
A07502.4,ok,/Users/grace/Desktop/new meta/after seperation/A07502/A07502.4.xml,/Users/grace/Desktop/new meta/<l><p>extract/A07502.4.txt,4225
A07502.5,ok,/Users/grace/Desktop/new meta/after seperation/A07502/A07502.5.xml,/Users/grace/Desktop/new meta/<l><p>extract/A07502.5.txt,4225
A07502.6,ok,/Users/grace/Desktop/new meta/after seperation/A07502/A07502.6.xml,/Users/grace/Desktop/new meta/<l><p>extract/A07502.6.txt,9109
A07502.7,ok,/Users/grace/Desktop/new meta/after seperation/A07502/A07502.7.xml,/Users/grace/Desktop/new meta/<l><p>extract/A07502.7.txt,9109
A07502.8,ok,/Users/grace/Desktop/new meta/after seperation/A07502/A07502.8.xml,/Users/grace/Desktop/new meta/<l><p>extract/A07502.8.txt,18914
A07502.9,ok,/Users/grace/Desktop/new meta/after seperation/A07502/A07502.9.xml,/Users/grace/Desktop/new meta/<l><p>extract/A07502.9.txt,42744
A07502.10,ok,/Users/grace/Desktop/new meta/after seperation/A07502/A07502.10.xml,/Users/grace/Desktop/new meta/<l><p>extract/A07502.10.txt,42744
A19811.1,extracted_empty,/Users/grace/Desktop/new meta/after seperation/A19811/A19811.1.xml,/Users/grace/Desktop/new meta/<l><p>extract/A19811.1.txt,0
A19811.2,extracted_empty,/Users/grace/Desktop/new meta/after seperation/A19811/A19811.2.xml,/Users/grace/Desktop/new meta/<l><p>extract/A19811.2.txt,0
A19811.3,extracted_empty,/Users/grace/Desktop/new meta/after seperation/A19811/A19811.3.xml,/Users/grace/Desktop/new meta/<l><p>extract/A19811.3.txt,0
A19811.4,extracted_empty,/Users/grace/Desktop/new meta/after seperation/A19811/A19811.4.xml,/Users/grace/Desktop/new meta/<l><p>extract/A19811.4.txt,0
A19811.5,extracted_empty,/Users/grace/Desktop/new meta/after seperation/A19811/A19811.5.xml,/Users/grace/Desktop/new meta/<l><p>extract/A19811.5.txt,0
A11954.1,ok,/Users/grace/Desktop/new meta/after seperation/A11954/A11954.1.xml,/Users/grace/Desktop/new meta/<l><p>extract/A11954.1.txt,98183
A11954.2,ok,/Users/grace/Desktop/new meta/after seperation/A11954/A11954.2.xml,/Users/grace/Desktop/new meta/<l><p>extract/A11954.2.txt,101120
A11954.3,ok,/Users/grace/Desktop/new meta/after seperation/A11954/A11954.3.xml,/Users/grace/Desktop/new meta/<l><p>extract/A11954.3.txt,123439
A11954.4,ok,/Users/grace/Desktop/new meta/after seperation/A11954/A11954.4.xml,/Users/grace/Desktop/new meta/<l><p>extract/A11954.4.txt,125192
A11954.5,ok,/Users/grace/Desktop/new meta/after seperation/A11954/A11954.5.xml,/Users/grace/Desktop/new meta/<l><p>extract/A11954.5.txt,86290
A11954.6,ok,/Users/grace/Desktop/new meta/after seperation/A11954/A11954.6.xml,/Users/grace/Desktop/new meta/<l><p>extract/A11954.6.txt,119426
A11954.7,ok,/Users/grace/Desktop/new meta/after seperation/A11954/A11954.7.xml,/Users/grace/Desktop/new meta/<l><p>extract/A11954.7.txt,124289
A11954.8,ok,/Users/grace/Desktop/new meta/after seperation/A11954/A11954.8.xml,/Users/grace/Desktop/new meta/<l><p>extract/A11954.8.txt,97669
A11954.9,ok,/Users/grace/Desktop/new meta/after seperation/A11954/A11954.9.xml,/Users/grace/Desktop/new meta/<l><p>extract/A11954.9.txt,120138
A11954.10,ok,/Users/grace/Desktop/new meta/after seperation/A11954/A11954.10.xml,/Users/grace/Desktop/new meta/<l><p>extract/A11954.10.txt,123160
A11954.11,ok,/Users/grace/Desktop/new meta/after seperation/A11954/A11954.11.xml,/Users/grace/Desktop/new meta/<l><p>extract/A11954.11.txt,119056
A11954.12,ok,/Users/grace/Desktop/new meta/after seperation/A11954/A11954.12.xml,/Users/grace/Desktop/new meta/<l><p>extract/A11954.12.txt,131522
A11954.13,ok,/Users/grace/Desktop/new meta/after seperation/A11954/A11954.13.xml,/Users/grace/Desktop/new meta/<l><p>extract/A11954.13.txt,112775
A11954.14,ok,/Users/grace/Desktop/new meta/after seperation/A11954/A11954.14.xml,/Users/grace/Desktop/new meta/<l><p>extract/A11954.14.txt,143970
A11954.15,ok,/Users/grace/Desktop/new meta/after seperation/A11954/A11954.15.xml,/Users/grace/Desktop/new meta/<l><p>extract/A11954.15.txt,122223
A11954.16,ok,/Users/grace/Desktop/new meta/after seperation/A11954/A11954.16.xml,/Users/grace/Desktop/new meta/<l><p>extract/A11954.16.txt,128556
A11954.17,ok,/Users/grace/Desktop/new meta/after seperation/A11954/A11954.17.xml,/Users/grace/Desktop/new meta/<l><p>extract/A11954.17.txt,139094
A11954.18,ok,/Users/grace/Desktop/new meta/after seperation/A11954/A11954.18.xml,/Users/grace/Desktop/new meta/<l><p>extract/A11954.18.txt,148683
A11954.19,ok,/Users/grace/Desktop/new meta/after seperation/A11954/A11954.19.xml,/Users/grace/Desktop/new meta/<l><p>extract/A11954.19.txt,150870
A11954.20,ok,/Users/grace/Desktop/new meta/after seperation/A11954/A11954.20.xml,/Users/grace/Desktop/new meta/<l><p>extract/A11954.20.txt,125416
A11954.21,ok,/Users/grace/Desktop/new meta/after seperation/A11954/A11954.21.xml,/Users/grace/Desktop/new meta/<l><p>extract/A11954.21.txt,144605
A11954.22,ok,/Users/grace/Desktop/new meta/after seperation/A11954/A11954.22.xml,/Users/grace/Desktop/new meta/<l><p>extract/A11954.22.txt,138622
A11954.23,ok,/Users/grace/Desktop/new meta/after seperation/A11954/A11954.23.xml,/Users/grace/Desktop/new meta/<l><p>extract/A11954.23.txt,164332
A11954.24,ok,/Users/grace/Desktop/new meta/after seperation/A11954/A11954.24.xml,/Users/grace/Desktop/new meta/<l><p>extract/A11954.24.txt,137993
A11954.25,ok,/Users/grace/Desktop/new meta/after seperation/A11954/A11954.25.xml,/Users/grace/Desktop/new meta/<l><p>extract/A11954.25.txt,150227
A11954.26,ok,/Users/grace/Desktop/new meta/after seperation/A11954/A11954.26.xml,/Users/grace/Desktop/new meta/<l><p>extract/A11954.26.txt,154869
A11954.27,ok,/Users/grace/Desktop/new meta/after seperation/A11954/A11954.27.xml,/Users/grace/Desktop/new meta/<l><p>extract/A11954.27.txt,118763
A11954.28,ok,/Users/grace/Desktop/new meta/after seperation/A11954/A11954.28.xml,/Users/grace/Desktop/new meta/<l><p>extract/A11954.28.txt,137265
A11954.29,ok,/Users/grace/Desktop/new meta/after seperation/A11954/A11954.29.xml,/Users/grace/Desktop/new meta/<l><p>extract/A11954.29.txt,107246
A11954.30,ok,/Users/grace/Desktop/new meta/after seperation/A11954/A11954.30.xml,/Users/grace/Desktop/new meta/<l><p>extract/A11954.30.txt,114060
A11954.31,ok,/Users/grace/Desktop/new meta/after seperation/A11954/A11954.31.xml,/Users/grace/Desktop/new meta/<l><p>extract/A11954.31.txt,101597
A11954.32,ok,/Users/grace/Desktop/new meta/after seperation/A11954/A11954.32.xml,/Users/grace/Desktop/new meta/<l><p>extract/A11954.32.txt,161162
A11954.33,ok,/Users/grace/Desktop/new meta/after seperation/A11954/A11954.33.xml,/Users/grace/Desktop/new meta/<l><p>extract/A11954.33.txt,137385
A11954.34,ok,/Users/grace/Desktop/new meta/after seperation/A11954/A11954.34.xml,/Users/grace/Desktop/new meta/<l><p>extract/A11954.34.txt,149429
A11954.35,ok,/Users/grace/Desktop/new meta/after seperation/A11954/A11954.35.xml,/Users/grace/Desktop/new meta/<l><p>extract/A11954.35.txt,140319
A11954.36,ok,/Users/grace/Desktop/new meta/after seperation/A11954/A11954.36.xml,/Users/grace/Desktop/new meta/<l><p>extract/A11954.36.txt,156708
A10402.1,ok,/Users/grace/Desktop/new meta/after seperation/A10402/A10402.1.xml,/Users/grace/Desktop/new meta/<l><p>extract/A10402.1.txt,47962
A10402.2,ok,/Users/grace/Desktop/new meta/after seperation/A10402/A10402.2.xml,/Users/grace/Desktop/new meta/<l><p>extract/A10402.2.txt,20476
A04633.1,ok,/Users/grace/Desktop/new meta/after seperation/A04633/A04633.1.xml,/Users/grace/Desktop/new meta/<l><p>extract/A04633.1.txt,194009
A04633.2,ok,/Users/grace/Desktop/new meta/after seperation/A04633/A04633.2.xml,/Users/grace/Desktop/new meta/<l><p>extract/A04633.2.txt,194009
A04633.3,ok,/Users/grace/Desktop/new meta/after seperation/A04633/A04633.3.xml,/Users/grace/Desktop/new meta/<l><p>extract/A04633.3.txt,145383
A04633.4,ok,/Users/grace/Desktop/new meta/after seperation/A04633/A04633.4.xml,/Users/grace/Desktop/new meta/<l><p>extract/A04633.4.txt,136467
A01851.1,ok,/Users/grace/Desktop/new meta/after seperation/A01851.1.xml,/Users/grace/Desktop/new meta/<l><p>extract/A01851.1.txt,95661
A02226.1,ok,/Users/grace/Desktop/new meta/after seperation/A02226/A02226.1.xml,/Users/grace/Desktop/new meta/<l><p>extract/A02226.1.txt,120846
A02226.2,ok,/Users/grace/Desktop/new meta/after seperation/A02226/A02226.2.xml,/Users/grace/Desktop/new meta/<l><p>extract/A02226.2.txt,120007
A03241.1,ok,/Users/grace/Desktop/new meta/after seperation/A03241/A03241.1.xml,/Users/grace/Desktop/new meta/<l><p>extract/A03241.1.txt,28909
A03241.2,ok,/Users/grace/Desktop/new meta/after seperation/A03241/A03241.2.xml,/Users/grace/Desktop/new meta/<l><p>extract/A03241.2.txt,19726
A03241.3,ok,/Users/grace/Desktop/new meta/after seperation/A03241/A03241.3.xml,/Users/grace/Desktop/new meta/<l><p>extract/A03241.3.txt,13390
A16564.1,ok,/Users/grace/Desktop/new meta/after seperation/A16564/A16564.1.xml,/Users/grace/Desktop/new meta/<l><p>extract/A16564.1.txt,130404
A16564.2,ok,/Users/grace/Desktop/new meta/after seperation/A16564/A16564.2.xml,/Users/grace/Desktop/new meta/<l><p>extract/A16564.2.txt,97759
A16564.3,ok,/Users/grace/Desktop/new meta/after seperation/A16564/A16564.3.xml,/Users/grace/Desktop/new meta/<l><p>extract/A16564.3.txt,153574
A16564.4,ok,/Users/grace/Desktop/new meta/after seperation/A16564/A16564.4.xml,/Users/grace/Desktop/new meta/<l><p>extract/A16564.4.txt,141206
A10411.1,ok,/Users/grace/Desktop/new meta/after seperation/A10411/A10411.1.xml,/Users/grace/Desktop/new meta/<l><p>extract/A10411.1.txt,103598
A10411.2,ok,/Users/grace/Desktop/new meta/after seperation/A10411/A10411.2.xml,/Users/grace/Desktop/new meta/<l><p>extract/A10411.2.txt,110563
A72473.1,ok,/Users/grace/Desktop/new meta/after seperation/A72473/A72473.1.xml,/Users/grace/Desktop/new meta/<l><p>extract/A72473.1.txt,183932
A72473.2,ok,/Users/grace/Desktop/new meta/after seperation/A72473/A72473.2.xml,/Users/grace/Desktop/new meta/<l><p>extract/A72473.2.txt,183932
A72473.3,ok,/Users/grace/Desktop/new meta/after seperation/A72473/A72473.3.xml,/Users/grace/Desktop/new meta/<l><p>extract/A72473.3.txt,145313
A72473.4,ok,/Users/grace/Desktop/new meta/after seperation/A72473/A72473.4.xml,/Users/grace/Desktop/new meta/<l><p>extract/A72473.4.txt,136430
A72473.5,ok,/Users/grace/Desktop/new meta/after seperation/A72473/A72473.5.xml,/Users/grace/Desktop/new meta/<l><p>extract/A72473.5.txt,11449
A72473.6,ok,/Users/grace/Desktop/new meta/after seperation/A72473/A72473.6.xml,/Users/grace/Desktop/new meta/<l><p>extract/A72473.6.txt,5077
A72473.7,ok,/Users/grace/Desktop/new meta/after seperation/A72473/A72473.7.xml,/Users/grace/Desktop/new meta/<l><p>extract/A72473.7.txt,8978
A72473.8,ok,/Users/grace/Desktop/new meta/after seperation/A72473/A72473.8.xml,/Users/grace/Desktop/new meta/<l><p>extract/A72473.8.txt,9719
A72473.9,ok,/Users/grace/Desktop/new meta/after seperation/A72473/A72473.9.xml,/Users/grace/Desktop/new meta/<l><p>extract/A72473.9.txt,17375
A72473.10,ok,/Users/grace/Desktop/new meta/after seperation/A72473/A72473.10.xml,/Users/grace/Desktop/new meta/<l><p>extract/A72473.10.txt,15380
A72473.11,ok,/Users/grace/Desktop/new meta/after seperation/A72473/A72473.11.xml,/Users/grace/Desktop/new meta/<l><p>extract/A72473.11.txt,43746
A72473.12,ok,/Users/grace/Desktop/new meta/after seperation/A72473/A72473.12.xml,/Users/grace/Desktop/new meta/<l><p>extract/A72473.12.txt,22419
A72473.13,ok,/Users/grace/Desktop/new meta/after seperation/A72473/A72473.13.xml,/Users/grace/Desktop/new meta/<l><p>extract/A72473.13.txt,16870
A72473.14,ok,/Users/grace/Desktop/new meta/after seperation/A72473/A72473.14.xml,/Users/grace/Desktop/new meta/<l><p>extract/A72473.14.txt,15348
A72473.15,ok,/Users/grace/Desktop/new meta/after seperation/A72473/A72473.15.xml,/Users/grace/Desktop/new meta/<l><p>extract/A72473.15.txt,11180
A72473.16,ok,/Users/grace/Desktop/new meta/after seperation/A72473/A72473.16.xml,/Users/grace/Desktop/new meta/<l><p>extract/A72473.16.txt,5128
A72473.17,ok,/Users/grace/Desktop/new meta/after seperation/A72473/A72473.17.xml,/Users/grace/Desktop/new meta/<l><p>extract/A72473.17.txt,16389
A72473.18,ok,/Users/grace/Desktop/new meta/after seperation/A72473/A72473.18.xml,/Users/grace/Desktop/new meta/<l><p>extract/A72473.18.txt,8119
A72473.19,ok,/Users/grace/Desktop/new meta/after seperation/A72473/A72473.19.xml,/Users/grace/Desktop/new meta/<l><p>extract/A72473.19.txt,10821
A72473.20,ok,/Users/grace/Desktop/new meta/after seperation/A72473/A72473.20.xml,/Users/grace/Desktop/new meta/<l><p>extract/A72473.20.txt,12693
A72473.21,ok,/Users/grace/Desktop/new meta/after seperation/A72473/A72473.21.xml,/Users/grace/Desktop/new meta/<l><p>extract/A72473.21.txt,9617
A72473.22,ok,/Users/grace/Desktop/new meta/after seperation/A72473/A72473.22.xml,/Users/grace/Desktop/new meta/<l><p>extract/A72473.22.txt,3018
A72473.23,ok,/Users/grace/Desktop/new meta/after seperation/A72473/A72473.23.xml,/Users/grace/Desktop/new meta/<l><p>extract/A72473.23.txt,114242
A72473.24,ok,/Users/grace/Desktop/new meta/after seperation/A72473/A72473.24.xml,/Users/grace/Desktop/new meta/<l><p>extract/A72473.24.txt,112958
A72473.25,ok,/Users/grace/Desktop/new meta/after seperation/A72473/A72473.25.xml,/Users/grace/Desktop/new meta/<l><p>extract/A72473.25.txt,53571
A17961.1,ok,/Users/grace/Desktop/new meta/after seperation/A17961/A17961.1.xml,/Users/grace/Desktop/new meta/<l><p>extract/A17961.1.txt,54191
A17961.2,ok,/Users/grace/Desktop/new meta/after seperation/A17961/A17961.2.xml,/Users/grace/Desktop/new meta/<l><p>extract/A17961.2.txt,54191
A13393.1,ok,/Users/grace/Desktop/new meta/after seperation/A13393.1.xml,/Users/grace/Desktop/new meta/<l><p>extract/A13393.1.txt,24572
